-11,-12,DkbnHT/ZMacf/+yq9hzEjys1UZI=,hEML6oognMD8+rM0NPjIuf4Kt4w=
-14,-11,DkbnHT/ZMacf/+yq9hzEjys1UZI=,G1q/kcJLpdKrkdyXHqDe4HLBTkM=
-13,-12,DkbnHT/ZMacf/+yq9hzEjys1UZI=,G1q/kcJLpdKrkdyXHqDe4HLBTkM=
-14,-12,DkbnHT/ZMacf/+yq9hzEjys1UZI=,G1q/kcJLpdKrkdyXHqDe4HLBTkM=
-13,-11,DkbnHT/ZMacf/+yq9hzEjys1UZI=,G1q/kcJLpdKrkdyXHqDe4HLBTkM=
-12,-11,DkbnHT/ZMacf/+yq9hzEjys1UZI=,hEML6oognMD8+rM0NPjIuf4Kt4w=
-11,-11,DkbnHT/ZMacf/+yq9hzEjys1UZI=,hEML6oognMD8+rM0NPjIuf4Kt4w=
-13,-14,DkbnHT/ZMacf/+yq9hzEjys1UZI=,FoYlLhIA5JgWmWSbZKW0HqUSmtg=
-13,-13,DkbnHT/ZMacf/+yq9hzEjys1UZI=,FoYlLhIA5JgWmWSbZKW0HqUSmtg=
-14,-13,DkbnHT/ZMacf/+yq9hzEjys1UZI=,FoYlLhIA5JgWmWSbZKW0HqUSmtg=
-14,-14,DkbnHT/ZMacf/+yq9hzEjys1UZI=,FoYlLhIA5JgWmWSbZKW0HqUSmtg=
-12,-14,DkbnHT/ZMacf/+yq9hzEjys1UZI=,HvxqHuQWTK16g4nyuhaXugeE5J8=
-11,-14,DkbnHT/ZMacf/+yq9hzEjys1UZI=,HvxqHuQWTK16g4nyuhaXugeE5J8=
-12,-12,DkbnHT/ZMacf/+yq9hzEjys1UZI=,hEML6oognMD8+rM0NPjIuf4Kt4w=
-12,-13,DkbnHT/ZMacf/+yq9hzEjys1UZI=,HvxqHuQWTK16g4nyuhaXugeE5J8=
-11,-13,DkbnHT/ZMacf/+yq9hzEjys1UZI=,HvxqHuQWTK16g4nyuhaXugeE5J8=
-8,-14,ktrHCXa7Inc1zCmt/LkCm8/pdoI=,Lc4/3Yi87AleC/bBjuXfRJpaWLo=
-9,-14,ktrHCXa7Inc1zCmt/LkCm8/pdoI=,HvxqHuQWTK16g4nyuhaXugeE5J8=
-7,-11,ktrHCXa7Inc1zCmt/LkCm8/pdoI=,l1W8XR/3gfV+gck+w23/OhQC85U=
-9,-13,ktrHCXa7Inc1zCmt/LkCm8/pdoI=,HvxqHuQWTK16g4nyuhaXugeE5J8=
-10,-12,ktrHCXa7Inc1zCmt/LkCm8/pdoI=,hEML6oognMD8+rM0NPjIuf4Kt4w=
-9,-12,ktrHCXa7Inc1zCmt/LkCm8/pdoI=,hEML6oognMD8+rM0NPjIuf4Kt4w=
-8,-12,ktrHCXa7Inc1zCmt/LkCm8/pdoI=,l1W8XR/3gfV+gck+w23/OhQC85U=
-10,-11,ktrHCXa7Inc1zCmt/LkCm8/pdoI=,hEML6oognMD8+rM0NPjIuf4Kt4w=
-8,-11,ktrHCXa7Inc1zCmt/LkCm8/pdoI=,l1W8XR/3gfV+gck+w23/OhQC85U=
-7,-13,ktrHCXa7Inc1zCmt/LkCm8/pdoI=,Lc4/3Yi87AleC/bBjuXfRJpaWLo=
-7,-12,ktrHCXa7Inc1zCmt/LkCm8/pdoI=,l1W8XR/3gfV+gck+w23/OhQC85U=
-10,-14,ktrHCXa7Inc1zCmt/LkCm8/pdoI=,HvxqHuQWTK16g4nyuhaXugeE5J8=
-7,-14,ktrHCXa7Inc1zCmt/LkCm8/pdoI=,Lc4/3Yi87AleC/bBjuXfRJpaWLo=
-10,-13,ktrHCXa7Inc1zCmt/LkCm8/pdoI=,HvxqHuQWTK16g4nyuhaXugeE5J8=
-9,-11,ktrHCXa7Inc1zCmt/LkCm8/pdoI=,hEML6oognMD8+rM0NPjIuf4Kt4w=
-8,-13,ktrHCXa7Inc1zCmt/LkCm8/pdoI=,Lc4/3Yi87AleC/bBjuXfRJpaWLo=
-9,-9,hhDEUXO7Ly154JcM+W0bae8vap0=,hEML6oognMD8+rM0NPjIuf4Kt4w=
-8,-8,hhDEUXO7Ly154JcM+W0bae8vap0=,yfi1czVZsDqdBq6K6FTZ5IvWuR0=
-10,-10,hhDEUXO7Ly154JcM+W0bae8vap0=,hEML6oognMD8+rM0NPjIuf4Kt4w=
-7,-9,hhDEUXO7Ly154JcM+W0bae8vap0=,l1W8XR/3gfV+gck+w23/OhQC85U=
-9,-10,hhDEUXO7Ly154JcM+W0bae8vap0=,hEML6oognMD8+rM0NPjIuf4Kt4w=
-7,-8,hhDEUXO7Ly154JcM+W0bae8vap0=,yfi1czVZsDqdBq6K6FTZ5IvWuR0=
-8,-7,hhDEUXO7Ly154JcM+W0bae8vap0=,yfi1czVZsDqdBq6K6FTZ5IvWuR0=
-8,-9,QooMO2mzbMQlmQjd9scLNRHcKK0=,l1W8XR/3gfV+gck+w23/OhQC85U=
-10,-9,QooMO2mzbMQlmQjd9scLNRHcKK0=,hEML6oognMD8+rM0NPjIuf4Kt4w=
-9,-7,QooMO2mzbMQlmQjd9scLNRHcKK0=,zD/+RcR6YgtNMyGlXxLMOh22c/0=
-7,-7,QooMO2mzbMQlmQjd9scLNRHcKK0=,yfi1czVZsDqdBq6K6FTZ5IvWuR0=
-10,-3,QooMO2mzbMQlmQjd9scLNRHcKK0=,FOiF/A6+pGkkodbO9pwLwzbvVGA=
-9,-8,a3zkJ6BI2sb6vRRWxoim+r6CJlw=,zD/+RcR6YgtNMyGlXxLMOh22c/0=
-10,-8,a3zkJ6BI2sb6vRRWxoim+r6CJlw=,zD/+RcR6YgtNMyGlXxLMOh22c/0=
-10,-7,a3zkJ6BI2sb6vRRWxoim+r6CJlw=,zD/+RcR6YgtNMyGlXxLMOh22c/0=
-7,-10,a3zkJ6BI2sb6vRRWxoim+r6CJlw=,l1W8XR/3gfV+gck+w23/OhQC85U=
-8,-10,a3zkJ6BI2sb6vRRWxoim+r6CJlw=,l1W8XR/3gfV+gck+w23/OhQC85U=
-12,-7,a3zkJ6BI2sb6vRRWxoim+r6CJlw=,zD/+RcR6YgtNMyGlXxLMOh22c/0=
-10,-6,a3zkJ6BI2sb6vRRWxoim+r6CJlw=,zD/+RcR6YgtNMyGlXxLMOh22c/0=
-9,-6,a3zkJ6BI2sb6vRRWxoim+r6CJlw=,zD/+RcR6YgtNMyGlXxLMOh22c/0=
-8,-3,a3zkJ6BI2sb6vRRWxoim+r6CJlw=,zoQ97aeJNozU0vA2ish6ZrIa+u0=
-9,-3,a3zkJ6BI2sb6vRRWxoim+r6CJlw=,FOiF/A6+pGkkodbO9pwLwzbvVGA=
-9,-4,a3zkJ6BI2sb6vRRWxoim+r6CJlw=,FOiF/A6+pGkkodbO9pwLwzbvVGA=
-10,-4,P++sQBnlUTBPm0qGU8+dJdGgZfw=,FOiF/A6+pGkkodbO9pwLwzbvVGA=
-11,-8,P++sQBnlUTBPm0qGU8+dJdGgZfw=,zD/+RcR6YgtNMyGlXxLMOh22c/0=
-13,-9,P++sQBnlUTBPm0qGU8+dJdGgZfw=,G1q/kcJLpdKrkdyXHqDe4HLBTkM=
-7,-5,P++sQBnlUTBPm0qGU8+dJdGgZfw=,yfi1czVZsDqdBq6K6FTZ5IvWuR0=
-7,-6,P++sQBnlUTBPm0qGU8+dJdGgZfw=,yfi1czVZsDqdBq6K6FTZ5IvWuR0=
-14,-9,P++sQBnlUTBPm0qGU8+dJdGgZfw=,G1q/kcJLpdKrkdyXHqDe4HLBTkM=
-10,-5,P++sQBnlUTBPm0qGU8+dJdGgZfw=,zD/+RcR6YgtNMyGlXxLMOh22c/0=
-8,-4,P++sQBnlUTBPm0qGU8+dJdGgZfw=,zoQ97aeJNozU0vA2ish6ZrIa+u0=
-9,-5,P++sQBnlUTBPm0qGU8+dJdGgZfw=,zD/+RcR6YgtNMyGlXxLMOh22c/0=
-11,-9,P++sQBnlUTBPm0qGU8+dJdGgZfw=,hEML6oognMD8+rM0NPjIuf4Kt4w=
-14,-10,P++sQBnlUTBPm0qGU8+dJdGgZfw=,G1q/kcJLpdKrkdyXHqDe4HLBTkM=
-13,-10,P++sQBnlUTBPm0qGU8+dJdGgZfw=,G1q/kcJLpdKrkdyXHqDe4HLBTkM=
-14,-8,P++sQBnlUTBPm0qGU8+dJdGgZfw=,nzZRUz6nRyesZL8aPFL+0erkvgQ=
-12,-8,P++sQBnlUTBPm0qGU8+dJdGgZfw=,zD/+RcR6YgtNMyGlXxLMOh22c/0=
-14,-7,P++sQBnlUTBPm0qGU8+dJdGgZfw=,nzZRUz6nRyesZL8aPFL+0erkvgQ=
-12,-9,P++sQBnlUTBPm0qGU8+dJdGgZfw=,hEML6oognMD8+rM0NPjIuf4Kt4w=
-8,-5,P++sQBnlUTBPm0qGU8+dJdGgZfw=,yfi1czVZsDqdBq6K6FTZ5IvWuR0=
-7,-4,P++sQBnlUTBPm0qGU8+dJdGgZfw=,zoQ97aeJNozU0vA2ish6ZrIa+u0=
-13,-8,P++sQBnlUTBPm0qGU8+dJdGgZfw=,nzZRUz6nRyesZL8aPFL+0erkvgQ=
-13,-7,P++sQBnlUTBPm0qGU8+dJdGgZfw=,nzZRUz6nRyesZL8aPFL+0erkvgQ=
-11,-7,P++sQBnlUTBPm0qGU8+dJdGgZfw=,zD/+RcR6YgtNMyGlXxLMOh22c/0=
-11,-10,P++sQBnlUTBPm0qGU8+dJdGgZfw=,hEML6oognMD8+rM0NPjIuf4Kt4w=
-12,-10,P++sQBnlUTBPm0qGU8+dJdGgZfw=,hEML6oognMD8+rM0NPjIuf4Kt4w=
-8,-6,P++sQBnlUTBPm0qGU8+dJdGgZfw=,yfi1czVZsDqdBq6K6FTZ5IvWuR0=
-7,-3,P++sQBnlUTBPm0qGU8+dJdGgZfw=,zoQ97aeJNozU0vA2ish6ZrIa+u0=
-14,-5,P++sQBnlUTBPm0qGU8+dJdGgZfw=,nzZRUz6nRyesZL8aPFL+0erkvgQ=
-12,-3,P++sQBnlUTBPm0qGU8+dJdGgZfw=,FOiF/A6+pGkkodbO9pwLwzbvVGA=
-11,-3,P++sQBnlUTBPm0qGU8+dJdGgZfw=,FOiF/A6+pGkkodbO9pwLwzbvVGA=
-14,-6,P++sQBnlUTBPm0qGU8+dJdGgZfw=,nzZRUz6nRyesZL8aPFL+0erkvgQ=
-13,-5,P++sQBnlUTBPm0qGU8+dJdGgZfw=,nzZRUz6nRyesZL8aPFL+0erkvgQ=
-13,-4,P++sQBnlUTBPm0qGU8+dJdGgZfw=,WfuTP4aTZQUkcKwsp03C7B7kmH4=
-12,-4,P++sQBnlUTBPm0qGU8+dJdGgZfw=,FOiF/A6+pGkkodbO9pwLwzbvVGA=
-13,-3,P++sQBnlUTBPm0qGU8+dJdGgZfw=,WfuTP4aTZQUkcKwsp03C7B7kmH4=
-11,-4,P++sQBnlUTBPm0qGU8+dJdGgZfw=,FOiF/A6+pGkkodbO9pwLwzbvVGA=
-14,-4,P++sQBnlUTBPm0qGU8+dJdGgZfw=,WfuTP4aTZQUkcKwsp03C7B7kmH4=
-12,-5,P++sQBnlUTBPm0qGU8+dJdGgZfw=,zD/+RcR6YgtNMyGlXxLMOh22c/0=
-13,-6,fw3v2MDpQdoTGgDKIMccN+nsdW8=,nzZRUz6nRyesZL8aPFL+0erkvgQ=
-11,-1,fw3v2MDpQdoTGgDKIMccN+nsdW8=,FOiF/A6+pGkkodbO9pwLwzbvVGA=
-14,-3,fw3v2MDpQdoTGgDKIMccN+nsdW8=,WfuTP4aTZQUkcKwsp03C7B7kmH4=
-13,-2,fw3v2MDpQdoTGgDKIMccN+nsdW8=,WfuTP4aTZQUkcKwsp03C7B7kmH4=
-12,-1,fw3v2MDpQdoTGgDKIMccN+nsdW8=,FOiF/A6+pGkkodbO9pwLwzbvVGA=
-12,-6,fw3v2MDpQdoTGgDKIMccN+nsdW8=,zD/+RcR6YgtNMyGlXxLMOh22c/0=
-11,-2,fw3v2MDpQdoTGgDKIMccN+nsdW8=,FOiF/A6+pGkkodbO9pwLwzbvVGA=
-13,-1,fw3v2MDpQdoTGgDKIMccN+nsdW8=,WfuTP4aTZQUkcKwsp03C7B7kmH4=
-12,-2,fw3v2MDpQdoTGgDKIMccN+nsdW8=,FOiF/A6+pGkkodbO9pwLwzbvVGA=
-11,-6,fw3v2MDpQdoTGgDKIMccN+nsdW8=,zD/+RcR6YgtNMyGlXxLMOh22c/0=
-14,-2,fw3v2MDpQdoTGgDKIMccN+nsdW8=,WfuTP4aTZQUkcKwsp03C7B7kmH4=
-14,-1,fw3v2MDpQdoTGgDKIMccN+nsdW8=,WfuTP4aTZQUkcKwsp03C7B7kmH4=
-11,-5,fw3v2MDpQdoTGgDKIMccN+nsdW8=,zD/+RcR6YgtNMyGlXxLMOh22c/0=
-10,-1,fw3v2MDpQdoTGgDKIMccN+nsdW8=,FOiF/A6+pGkkodbO9pwLwzbvVGA=
-10,-2,fw3v2MDpQdoTGgDKIMccN+nsdW8=,FOiF/A6+pGkkodbO9pwLwzbvVGA=
-9,-1,fw3v2MDpQdoTGgDKIMccN+nsdW8=,FOiF/A6+pGkkodbO9pwLwzbvVGA=
-9,-2,fw3v2MDpQdoTGgDKIMccN+nsdW8=,FOiF/A6+pGkkodbO9pwLwzbvVGA=
-7,-2,fw3v2MDpQdoTGgDKIMccN+nsdW8=,zoQ97aeJNozU0vA2ish6ZrIa+u0=
-8,-2,fw3v2MDpQdoTGgDKIMccN+nsdW8=,zoQ97aeJNozU0vA2ish6ZrIa+u0=
-7,-1,fw3v2MDpQdoTGgDKIMccN+nsdW8=,zoQ97aeJNozU0vA2ish6ZrIa+u0=
-8,-1,fw3v2MDpQdoTGgDKIMccN+nsdW8=,zoQ97aeJNozU0vA2ish6ZrIa+u0=
-5,-5,fw3v2MDpQdoTGgDKIMccN+nsdW8=,yfi1czVZsDqdBq6K6FTZ5IvWuR0=
-4,-6,fw3v2MDpQdoTGgDKIMccN+nsdW8=,rhANroStvA1x3fhoEG63J4fn0g8=
-3,-6,fw3v2MDpQdoTGgDKIMccN+nsdW8=,rhANroStvA1x3fhoEG63J4fn0g8=
-5,-3,fw3v2MDpQdoTGgDKIMccN+nsdW8=,zoQ97aeJNozU0vA2ish6ZrIa+u0=
-4,-5,fw3v2MDpQdoTGgDKIMccN+nsdW8=,rhANroStvA1x3fhoEG63J4fn0g8=
-3,-5,fw3v2MDpQdoTGgDKIMccN+nsdW8=,rhANroStvA1x3fhoEG63J4fn0g8=
-4,-4,fw3v2MDpQdoTGgDKIMccN+nsdW8=,ERQI5naGbx5juxrikUWsnad1D2A=
-6,-4,fw3v2MDpQdoTGgDKIMccN+nsdW8=,zoQ97aeJNozU0vA2ish6ZrIa+u0=
-5,-4,fw3v2MDpQdoTGgDKIMccN+nsdW8=,zoQ97aeJNozU0vA2ish6ZrIa+u0=
-6,-3,fw3v2MDpQdoTGgDKIMccN+nsdW8=,zoQ97aeJNozU0vA2ish6ZrIa+u0=
-5,-6,fw3v2MDpQdoTGgDKIMccN+nsdW8=,yfi1czVZsDqdBq6K6FTZ5IvWuR0=
-6,-6,fw3v2MDpQdoTGgDKIMccN+nsdW8=,yfi1czVZsDqdBq6K6FTZ5IvWuR0=
-6,-5,fw3v2MDpQdoTGgDKIMccN+nsdW8=,yfi1czVZsDqdBq6K6FTZ5IvWuR0=
-6,-10,fw3v2MDpQdoTGgDKIMccN+nsdW8=,l1W8XR/3gfV+gck+w23/OhQC85U=
-3,-8,fw3v2MDpQdoTGgDKIMccN+nsdW8=,rhANroStvA1x3fhoEG63J4fn0g8=
-4,-3,fw3v2MDpQdoTGgDKIMccN+nsdW8=,ERQI5naGbx5juxrikUWsnad1D2A=
-3,-3,fw3v2MDpQdoTGgDKIMccN+nsdW8=,ERQI5naGbx5juxrikUWsnad1D2A=
-3,-9,fw3v2MDpQdoTGgDKIMccN+nsdW8=,Uqb107WAi/YKco7m/qCcRLa3iSs=
-6,-9,fw3v2MDpQdoTGgDKIMccN+nsdW8=,l1W8XR/3gfV+gck+w23/OhQC85U=
-5,-9,fw3v2MDpQdoTGgDKIMccN+nsdW8=,l1W8XR/3gfV+gck+w23/OhQC85U=
-3,-4,fw3v2MDpQdoTGgDKIMccN+nsdW8=,ERQI5naGbx5juxrikUWsnad1D2A=
-6,-7,fw3v2MDpQdoTGgDKIMccN+nsdW8=,yfi1czVZsDqdBq6K6FTZ5IvWuR0=
-4,-8,fw3v2MDpQdoTGgDKIMccN+nsdW8=,rhANroStvA1x3fhoEG63J4fn0g8=
-5,-7,fw3v2MDpQdoTGgDKIMccN+nsdW8=,yfi1czVZsDqdBq6K6FTZ5IvWuR0=
-6,-8,fw3v2MDpQdoTGgDKIMccN+nsdW8=,yfi1czVZsDqdBq6K6FTZ5IvWuR0=
-4,-7,fw3v2MDpQdoTGgDKIMccN+nsdW8=,rhANroStvA1x3fhoEG63J4fn0g8=
-3,-7,fw3v2MDpQdoTGgDKIMccN+nsdW8=,rhANroStvA1x3fhoEG63J4fn0g8=
-5,-8,fw3v2MDpQdoTGgDKIMccN+nsdW8=,yfi1czVZsDqdBq6K6FTZ5IvWuR0=
-5,-10,fw3v2MDpQdoTGgDKIMccN+nsdW8=,l1W8XR/3gfV+gck+w23/OhQC85U=
-4,-9,fw3v2MDpQdoTGgDKIMccN+nsdW8=,Uqb107WAi/YKco7m/qCcRLa3iSs=
-4,-10,fw3v2MDpQdoTGgDKIMccN+nsdW8=,Uqb107WAi/YKco7m/qCcRLa3iSs=
-3,-10,fw3v2MDpQdoTGgDKIMccN+nsdW8=,Uqb107WAi/YKco7m/qCcRLa3iSs=
-7,-15,fw3v2MDpQdoTGgDKIMccN+nsdW8=,Lc4/3Yi87AleC/bBjuXfRJpaWLo=
-10,-15,fw3v2MDpQdoTGgDKIMccN+nsdW8=,HvxqHuQWTK16g4nyuhaXugeE5J8=
-8,-15,fw3v2MDpQdoTGgDKIMccN+nsdW8=,Lc4/3Yi87AleC/bBjuXfRJpaWLo=
-11,-15,fw3v2MDpQdoTGgDKIMccN+nsdW8=,HvxqHuQWTK16g4nyuhaXugeE5J8=
-12,-15,fw3v2MDpQdoTGgDKIMccN+nsdW8=,HvxqHuQWTK16g4nyuhaXugeE5J8=
-12,-16,fw3v2MDpQdoTGgDKIMccN+nsdW8=,HvxqHuQWTK16g4nyuhaXugeE5J8=
-7,-16,fw3v2MDpQdoTGgDKIMccN+nsdW8=,Lc4/3Yi87AleC/bBjuXfRJpaWLo=
-9,-15,fw3v2MDpQdoTGgDKIMccN+nsdW8=,HvxqHuQWTK16g4nyuhaXugeE5J8=
-10,-16,fw3v2MDpQdoTGgDKIMccN+nsdW8=,HvxqHuQWTK16g4nyuhaXugeE5J8=
-9,-16,fw3v2MDpQdoTGgDKIMccN+nsdW8=,HvxqHuQWTK16g4nyuhaXugeE5J8=
-11,-16,fw3v2MDpQdoTGgDKIMccN+nsdW8=,HvxqHuQWTK16g4nyuhaXugeE5J8=
-8,-16,fw3v2MDpQdoTGgDKIMccN+nsdW8=,Lc4/3Yi87AleC/bBjuXfRJpaWLo=
-13,-15,fw3v2MDpQdoTGgDKIMccN+nsdW8=,FoYlLhIA5JgWmWSbZKW0HqUSmtg=
-14,-16,fw3v2MDpQdoTGgDKIMccN+nsdW8=,FoYlLhIA5JgWmWSbZKW0HqUSmtg=
-13,-16,fw3v2MDpQdoTGgDKIMccN+nsdW8=,FoYlLhIA5JgWmWSbZKW0HqUSmtg=
-14,-15,fw3v2MDpQdoTGgDKIMccN+nsdW8=,FoYlLhIA5JgWmWSbZKW0HqUSmtg=
-3,-16,fw3v2MDpQdoTGgDKIMccN+nsdW8=,0aGMRUenSEfwTZ/xPkAVNdtnzQY=
-6,-11,fw3v2MDpQdoTGgDKIMccN+nsdW8=,l1W8XR/3gfV+gck+w23/OhQC85U=
-4,-16,fw3v2MDpQdoTGgDKIMccN+nsdW8=,0aGMRUenSEfwTZ/xPkAVNdtnzQY=
-5,-14,fw3v2MDpQdoTGgDKIMccN+nsdW8=,Lc4/3Yi87AleC/bBjuXfRJpaWLo=
-4,-12,fw3v2MDpQdoTGgDKIMccN+nsdW8=,Uqb107WAi/YKco7m/qCcRLa3iSs=
-5,-11,fw3v2MDpQdoTGgDKIMccN+nsdW8=,l1W8XR/3gfV+gck+w23/OhQC85U=
-6,-12,fw3v2MDpQdoTGgDKIMccN+nsdW8=,l1W8XR/3gfV+gck+w23/OhQC85U=
-6,-15,fw3v2MDpQdoTGgDKIMccN+nsdW8=,Lc4/3Yi87AleC/bBjuXfRJpaWLo=
-6,-14,fw3v2MDpQdoTGgDKIMccN+nsdW8=,Lc4/3Yi87AleC/bBjuXfRJpaWLo=
-5,-15,fw3v2MDpQdoTGgDKIMccN+nsdW8=,Lc4/3Yi87AleC/bBjuXfRJpaWLo=
-6,-13,fw3v2MDpQdoTGgDKIMccN+nsdW8=,Lc4/3Yi87AleC/bBjuXfRJpaWLo=
-5,-13,fw3v2MDpQdoTGgDKIMccN+nsdW8=,Lc4/3Yi87AleC/bBjuXfRJpaWLo=
-4,-13,fw3v2MDpQdoTGgDKIMccN+nsdW8=,0aGMRUenSEfwTZ/xPkAVNdtnzQY=
-4,-11,fw3v2MDpQdoTGgDKIMccN+nsdW8=,Uqb107WAi/YKco7m/qCcRLa3iSs=
-6,-16,fw3v2MDpQdoTGgDKIMccN+nsdW8=,Lc4/3Yi87AleC/bBjuXfRJpaWLo=
-3,-11,fw3v2MDpQdoTGgDKIMccN+nsdW8=,Uqb107WAi/YKco7m/qCcRLa3iSs=
-5,-12,fw3v2MDpQdoTGgDKIMccN+nsdW8=,l1W8XR/3gfV+gck+w23/OhQC85U=
-3,-13,fw3v2MDpQdoTGgDKIMccN+nsdW8=,0aGMRUenSEfwTZ/xPkAVNdtnzQY=
-3,-12,fw3v2MDpQdoTGgDKIMccN+nsdW8=,Uqb107WAi/YKco7m/qCcRLa3iSs=
-1,-12,fw3v2MDpQdoTGgDKIMccN+nsdW8=,Uqb107WAi/YKco7m/qCcRLa3iSs=
-3,-14,fw3v2MDpQdoTGgDKIMccN+nsdW8=,0aGMRUenSEfwTZ/xPkAVNdtnzQY=
-2,-15,fw3v2MDpQdoTGgDKIMccN+nsdW8=,0aGMRUenSEfwTZ/xPkAVNdtnzQY=
-4,-15,fw3v2MDpQdoTGgDKIMccN+nsdW8=,0aGMRUenSEfwTZ/xPkAVNdtnzQY=
-5,-16,fw3v2MDpQdoTGgDKIMccN+nsdW8=,Lc4/3Yi87AleC/bBjuXfRJpaWLo=
-2,-16,fw3v2MDpQdoTGgDKIMccN+nsdW8=,0aGMRUenSEfwTZ/xPkAVNdtnzQY=
-3,-15,fw3v2MDpQdoTGgDKIMccN+nsdW8=,0aGMRUenSEfwTZ/xPkAVNdtnzQY=
-4,-14,fw3v2MDpQdoTGgDKIMccN+nsdW8=,0aGMRUenSEfwTZ/xPkAVNdtnzQY=
-1,-14,fw3v2MDpQdoTGgDKIMccN+nsdW8=,0aGMRUenSEfwTZ/xPkAVNdtnzQY=
-2,-11,fw3v2MDpQdoTGgDKIMccN+nsdW8=,Uqb107WAi/YKco7m/qCcRLa3iSs=
-2,-12,fw3v2MDpQdoTGgDKIMccN+nsdW8=,Uqb107WAi/YKco7m/qCcRLa3iSs=
-2,-13,fw3v2MDpQdoTGgDKIMccN+nsdW8=,0aGMRUenSEfwTZ/xPkAVNdtnzQY=
-1,-15,fw3v2MDpQdoTGgDKIMccN+nsdW8=,0aGMRUenSEfwTZ/xPkAVNdtnzQY=
-1,-16,fw3v2MDpQdoTGgDKIMccN+nsdW8=,0aGMRUenSEfwTZ/xPkAVNdtnzQY=
-2,-14,fw3v2MDpQdoTGgDKIMccN+nsdW8=,0aGMRUenSEfwTZ/xPkAVNdtnzQY=
-1,-13,fw3v2MDpQdoTGgDKIMccN+nsdW8=,0aGMRUenSEfwTZ/xPkAVNdtnzQY=
-1,-11,fw3v2MDpQdoTGgDKIMccN+nsdW8=,Uqb107WAi/YKco7m/qCcRLa3iSs=
-15,-1,fw3v2MDpQdoTGgDKIMccN+nsdW8=,WfuTP4aTZQUkcKwsp03C7B7kmH4=
-16,-1,fw3v2MDpQdoTGgDKIMccN+nsdW8=,WfuTP4aTZQUkcKwsp03C7B7kmH4=
-15,-2,fw3v2MDpQdoTGgDKIMccN+nsdW8=,WfuTP4aTZQUkcKwsp03C7B7kmH4=
-16,-2,fw3v2MDpQdoTGgDKIMccN+nsdW8=,WfuTP4aTZQUkcKwsp03C7B7kmH4=
-1,-7,fw3v2MDpQdoTGgDKIMccN+nsdW8=,rhANroStvA1x3fhoEG63J4fn0g8=
-2,-8,fw3v2MDpQdoTGgDKIMccN+nsdW8=,rhANroStvA1x3fhoEG63J4fn0g8=
-2,-5,fw3v2MDpQdoTGgDKIMccN+nsdW8=,rhANroStvA1x3fhoEG63J4fn0g8=
-2,-7,fw3v2MDpQdoTGgDKIMccN+nsdW8=,rhANroStvA1x3fhoEG63J4fn0g8=
-2,-6,fw3v2MDpQdoTGgDKIMccN+nsdW8=,rhANroStvA1x3fhoEG63J4fn0g8=
-1,-4,fw3v2MDpQdoTGgDKIMccN+nsdW8=,ERQI5naGbx5juxrikUWsnad1D2A=
-1,-3,fw3v2MDpQdoTGgDKIMccN+nsdW8=,ERQI5naGbx5juxrikUWsnad1D2A=
-2,-9,fw3v2MDpQdoTGgDKIMccN+nsdW8=,Uqb107WAi/YKco7m/qCcRLa3iSs=
-2,-10,fw3v2MDpQdoTGgDKIMccN+nsdW8=,Uqb107WAi/YKco7m/qCcRLa3iSs=
-2,-4,fw3v2MDpQdoTGgDKIMccN+nsdW8=,ERQI5naGbx5juxrikUWsnad1D2A=
-2,-3,fw3v2MDpQdoTGgDKIMccN+nsdW8=,ERQI5naGbx5juxrikUWsnad1D2A=
-1,-9,fw3v2MDpQdoTGgDKIMccN+nsdW8=,Uqb107WAi/YKco7m/qCcRLa3iSs=
-1,-6,fw3v2MDpQdoTGgDKIMccN+nsdW8=,rhANroStvA1x3fhoEG63J4fn0g8=
-1,-5,fw3v2MDpQdoTGgDKIMccN+nsdW8=,rhANroStvA1x3fhoEG63J4fn0g8=
-1,-8,fw3v2MDpQdoTGgDKIMccN+nsdW8=,rhANroStvA1x3fhoEG63J4fn0g8=
-1,-10,fw3v2MDpQdoTGgDKIMccN+nsdW8=,Uqb107WAi/YKco7m/qCcRLa3iSs=
-6,-2,fw3v2MDpQdoTGgDKIMccN+nsdW8=,zoQ97aeJNozU0vA2ish6ZrIa+u0=
-5,-1,fw3v2MDpQdoTGgDKIMccN+nsdW8=,zoQ97aeJNozU0vA2ish6ZrIa+u0=
-5,-2,fw3v2MDpQdoTGgDKIMccN+nsdW8=,zoQ97aeJNozU0vA2ish6ZrIa+u0=
-6,-1,fw3v2MDpQdoTGgDKIMccN+nsdW8=,zoQ97aeJNozU0vA2ish6ZrIa+u0=
-4,-1,fw3v2MDpQdoTGgDKIMccN+nsdW8=,ERQI5naGbx5juxrikUWsnad1D2A=
-2,-2,fw3v2MDpQdoTGgDKIMccN+nsdW8=,ERQI5naGbx5juxrikUWsnad1D2A=
-3,-2,fw3v2MDpQdoTGgDKIMccN+nsdW8=,ERQI5naGbx5juxrikUWsnad1D2A=
-1,-1,fw3v2MDpQdoTGgDKIMccN+nsdW8=,ERQI5naGbx5juxrikUWsnad1D2A=
-3,-1,fw3v2MDpQdoTGgDKIMccN+nsdW8=,ERQI5naGbx5juxrikUWsnad1D2A=
-4,-2,fw3v2MDpQdoTGgDKIMccN+nsdW8=,ERQI5naGbx5juxrikUWsnad1D2A=
-1,-2,fw3v2MDpQdoTGgDKIMccN+nsdW8=,ERQI5naGbx5juxrikUWsnad1D2A=
-2,-1,fw3v2MDpQdoTGgDKIMccN+nsdW8=,ERQI5naGbx5juxrikUWsnad1D2A=
-15,-9,fw3v2MDpQdoTGgDKIMccN+nsdW8=,G1q/kcJLpdKrkdyXHqDe4HLBTkM=
-15,-10,fw3v2MDpQdoTGgDKIMccN+nsdW8=,G1q/kcJLpdKrkdyXHqDe4HLBTkM=
-15,-7,fw3v2MDpQdoTGgDKIMccN+nsdW8=,nzZRUz6nRyesZL8aPFL+0erkvgQ=
-15,-8,fw3v2MDpQdoTGgDKIMccN+nsdW8=,nzZRUz6nRyesZL8aPFL+0erkvgQ=
-16,-9,fw3v2MDpQdoTGgDKIMccN+nsdW8=,G1q/kcJLpdKrkdyXHqDe4HLBTkM=
-15,-6,fw3v2MDpQdoTGgDKIMccN+nsdW8=,nzZRUz6nRyesZL8aPFL+0erkvgQ=
-16,-7,fw3v2MDpQdoTGgDKIMccN+nsdW8=,nzZRUz6nRyesZL8aPFL+0erkvgQ=
-16,-4,fw3v2MDpQdoTGgDKIMccN+nsdW8=,WfuTP4aTZQUkcKwsp03C7B7kmH4=
-15,-4,fw3v2MDpQdoTGgDKIMccN+nsdW8=,WfuTP4aTZQUkcKwsp03C7B7kmH4=
-16,-3,fw3v2MDpQdoTGgDKIMccN+nsdW8=,WfuTP4aTZQUkcKwsp03C7B7kmH4=
-16,-10,fw3v2MDpQdoTGgDKIMccN+nsdW8=,G1q/kcJLpdKrkdyXHqDe4HLBTkM=
-16,-8,fw3v2MDpQdoTGgDKIMccN+nsdW8=,nzZRUz6nRyesZL8aPFL+0erkvgQ=
-16,-5,fw3v2MDpQdoTGgDKIMccN+nsdW8=,nzZRUz6nRyesZL8aPFL+0erkvgQ=
-15,-3,fw3v2MDpQdoTGgDKIMccN+nsdW8=,WfuTP4aTZQUkcKwsp03C7B7kmH4=
-15,-5,fw3v2MDpQdoTGgDKIMccN+nsdW8=,nzZRUz6nRyesZL8aPFL+0erkvgQ=
-16,-6,fw3v2MDpQdoTGgDKIMccN+nsdW8=,nzZRUz6nRyesZL8aPFL+0erkvgQ=
-16,-16,fw3v2MDpQdoTGgDKIMccN+nsdW8=,FoYlLhIA5JgWmWSbZKW0HqUSmtg=
-15,-12,fw3v2MDpQdoTGgDKIMccN+nsdW8=,G1q/kcJLpdKrkdyXHqDe4HLBTkM=
-15,-15,fw3v2MDpQdoTGgDKIMccN+nsdW8=,FoYlLhIA5JgWmWSbZKW0HqUSmtg=
-15,-14,fw3v2MDpQdoTGgDKIMccN+nsdW8=,FoYlLhIA5JgWmWSbZKW0HqUSmtg=
-15,-11,fw3v2MDpQdoTGgDKIMccN+nsdW8=,G1q/kcJLpdKrkdyXHqDe4HLBTkM=
-15,-16,fw3v2MDpQdoTGgDKIMccN+nsdW8=,FoYlLhIA5JgWmWSbZKW0HqUSmtg=
-16,-12,fw3v2MDpQdoTGgDKIMccN+nsdW8=,G1q/kcJLpdKrkdyXHqDe4HLBTkM=
-16,-11,fw3v2MDpQdoTGgDKIMccN+nsdW8=,G1q/kcJLpdKrkdyXHqDe4HLBTkM=
-16,-14,fw3v2MDpQdoTGgDKIMccN+nsdW8=,FoYlLhIA5JgWmWSbZKW0HqUSmtg=
-16,-13,fw3v2MDpQdoTGgDKIMccN+nsdW8=,FoYlLhIA5JgWmWSbZKW0HqUSmtg=
-16,-15,fw3v2MDpQdoTGgDKIMccN+nsdW8=,FoYlLhIA5JgWmWSbZKW0HqUSmtg=
-15,-13,fw3v2MDpQdoTGgDKIMccN+nsdW8=,FoYlLhIA5JgWmWSbZKW0HqUSmtg=
-16,-22,B4X5GU9WsWGY7zfXzsMyMnhlBDA=,V6cKETIJZ8vEtQXsP4BfhwjmGb4=
-16,-19,B4X5GU9WsWGY7zfXzsMyMnhlBDA=,XnA08kTvjMu9maxjlpiqQOEgOfA=
-13,-26,B4X5GU9WsWGY7zfXzsMyMnhlBDA=,2dQVdtlQolbzILIUxBh1MIVQaFQ=
-14,-25,B4X5GU9WsWGY7zfXzsMyMnhlBDA=,2dQVdtlQolbzILIUxBh1MIVQaFQ=
-14,-26,B4X5GU9WsWGY7zfXzsMyMnhlBDA=,2dQVdtlQolbzILIUxBh1MIVQaFQ=
-14,-23,B4X5GU9WsWGY7zfXzsMyMnhlBDA=,V6cKETIJZ8vEtQXsP4BfhwjmGb4=
-13,-23,B4X5GU9WsWGY7zfXzsMyMnhlBDA=,V6cKETIJZ8vEtQXsP4BfhwjmGb4=
-13,-20,B4X5GU9WsWGY7zfXzsMyMnhlBDA=,XnA08kTvjMu9maxjlpiqQOEgOfA=
-14,-19,B4X5GU9WsWGY7zfXzsMyMnhlBDA=,XnA08kTvjMu9maxjlpiqQOEgOfA=
-15,-19,B4X5GU9WsWGY7zfXzsMyMnhlBDA=,XnA08kTvjMu9maxjlpiqQOEgOfA=
-15,-21,B4X5GU9WsWGY7zfXzsMyMnhlBDA=,V6cKETIJZ8vEtQXsP4BfhwjmGb4=
-13,-19,B4X5GU9WsWGY7zfXzsMyMnhlBDA=,XnA08kTvjMu9maxjlpiqQOEgOfA=
-16,-20,B4X5GU9WsWGY7zfXzsMyMnhlBDA=,XnA08kTvjMu9maxjlpiqQOEgOfA=
-13,-25,B4X5GU9WsWGY7zfXzsMyMnhlBDA=,2dQVdtlQolbzILIUxBh1MIVQaFQ=
-15,-22,B4X5GU9WsWGY7zfXzsMyMnhlBDA=,V6cKETIJZ8vEtQXsP4BfhwjmGb4=
-14,-22,B4X5GU9WsWGY7zfXzsMyMnhlBDA=,V6cKETIJZ8vEtQXsP4BfhwjmGb4=
-14,-24,B4X5GU9WsWGY7zfXzsMyMnhlBDA=,V6cKETIJZ8vEtQXsP4BfhwjmGb4=
-13,-24,B4X5GU9WsWGY7zfXzsMyMnhlBDA=,V6cKETIJZ8vEtQXsP4BfhwjmGb4=
-16,-21,B4X5GU9WsWGY7zfXzsMyMnhlBDA=,V6cKETIJZ8vEtQXsP4BfhwjmGb4=
-13,-22,B4X5GU9WsWGY7zfXzsMyMnhlBDA=,V6cKETIJZ8vEtQXsP4BfhwjmGb4=
-14,-20,B4X5GU9WsWGY7zfXzsMyMnhlBDA=,XnA08kTvjMu9maxjlpiqQOEgOfA=
-13,-21,B4X5GU9WsWGY7zfXzsMyMnhlBDA=,V6cKETIJZ8vEtQXsP4BfhwjmGb4=
-14,-21,B4X5GU9WsWGY7zfXzsMyMnhlBDA=,V6cKETIJZ8vEtQXsP4BfhwjmGb4=
-15,-20,B4X5GU9WsWGY7zfXzsMyMnhlBDA=,XnA08kTvjMu9maxjlpiqQOEgOfA=
-14,-28,B4X5GU9WsWGY7zfXzsMyMnhlBDA=,2dQVdtlQolbzILIUxBh1MIVQaFQ=
-13,-28,B4X5GU9WsWGY7zfXzsMyMnhlBDA=,2dQVdtlQolbzILIUxBh1MIVQaFQ=
-16,-28,B4X5GU9WsWGY7zfXzsMyMnhlBDA=,2dQVdtlQolbzILIUxBh1MIVQaFQ=
-15,-28,B4X5GU9WsWGY7zfXzsMyMnhlBDA=,2dQVdtlQolbzILIUxBh1MIVQaFQ=
-14,-27,hmuz0GSnjy9uS4ht0GnkCpFwk9w=,2dQVdtlQolbzILIUxBh1MIVQaFQ=
-13,-27,hmuz0GSnjy9uS4ht0GnkCpFwk9w=,2dQVdtlQolbzILIUxBh1MIVQaFQ=
-15,-25,hmuz0GSnjy9uS4ht0GnkCpFwk9w=,2dQVdtlQolbzILIUxBh1MIVQaFQ=
-15,-24,hmuz0GSnjy9uS4ht0GnkCpFwk9w=,V6cKETIJZ8vEtQXsP4BfhwjmGb4=
-15,-27,hmuz0GSnjy9uS4ht0GnkCpFwk9w=,2dQVdtlQolbzILIUxBh1MIVQaFQ=
-15,-23,hmuz0GSnjy9uS4ht0GnkCpFwk9w=,V6cKETIJZ8vEtQXsP4BfhwjmGb4=
-15,-26,hmuz0GSnjy9uS4ht0GnkCpFwk9w=,2dQVdtlQolbzILIUxBh1MIVQaFQ=
-16,-23,hmuz0GSnjy9uS4ht0GnkCpFwk9w=,V6cKETIJZ8vEtQXsP4BfhwjmGb4=
-16,-24,hmuz0GSnjy9uS4ht0GnkCpFwk9w=,V6cKETIJZ8vEtQXsP4BfhwjmGb4=
-16,-25,hmuz0GSnjy9uS4ht0GnkCpFwk9w=,2dQVdtlQolbzILIUxBh1MIVQaFQ=
-16,-27,hmuz0GSnjy9uS4ht0GnkCpFwk9w=,2dQVdtlQolbzILIUxBh1MIVQaFQ=
-16,-26,hmuz0GSnjy9uS4ht0GnkCpFwk9w=,2dQVdtlQolbzILIUxBh1MIVQaFQ=
-16,-17,hmuz0GSnjy9uS4ht0GnkCpFwk9w=,XnA08kTvjMu9maxjlpiqQOEgOfA=
-13,-18,hmuz0GSnjy9uS4ht0GnkCpFwk9w=,XnA08kTvjMu9maxjlpiqQOEgOfA=
-16,-18,hmuz0GSnjy9uS4ht0GnkCpFwk9w=,XnA08kTvjMu9maxjlpiqQOEgOfA=
-13,-17,hmuz0GSnjy9uS4ht0GnkCpFwk9w=,XnA08kTvjMu9maxjlpiqQOEgOfA=
-14,-17,hmuz0GSnjy9uS4ht0GnkCpFwk9w=,XnA08kTvjMu9maxjlpiqQOEgOfA=
-14,-18,hmuz0GSnjy9uS4ht0GnkCpFwk9w=,XnA08kTvjMu9maxjlpiqQOEgOfA=
-15,-18,hmuz0GSnjy9uS4ht0GnkCpFwk9w=,XnA08kTvjMu9maxjlpiqQOEgOfA=
-15,-17,hmuz0GSnjy9uS4ht0GnkCpFwk9w=,XnA08kTvjMu9maxjlpiqQOEgOfA=
-26,-22,i756yLNvmNr4xd2hYcaT1sZz9iY=,dmhLSn9dXSZg3rcVkKDC9uisR+A=
-25,-21,i756yLNvmNr4xd2hYcaT1sZz9iY=,dmhLSn9dXSZg3rcVkKDC9uisR+A=
-25,-20,1i6OeOF5oCEOPNAy9haQe0gHFOU=,oSvbkA1fcs7CUt6G4S86zdvd5ok=
-25,-19,1i6OeOF5oCEOPNAy9haQe0gHFOU=,oSvbkA1fcs7CUt6G4S86zdvd5ok=
-26,-21,1i6OeOF5oCEOPNAy9haQe0gHFOU=,dmhLSn9dXSZg3rcVkKDC9uisR+A=
-24,-20,1i6OeOF5oCEOPNAy9haQe0gHFOU=,y36gdwQ+fX8MqLvHZy3/s4IlTCw=
-26,-20,1i6OeOF5oCEOPNAy9haQe0gHFOU=,oSvbkA1fcs7CUt6G4S86zdvd5ok=
-26,-19,1i6OeOF5oCEOPNAy9haQe0gHFOU=,oSvbkA1fcs7CUt6G4S86zdvd5ok=
-23,-19,1i6OeOF5oCEOPNAy9haQe0gHFOU=,y36gdwQ+fX8MqLvHZy3/s4IlTCw=
-23,-21,1i6OeOF5oCEOPNAy9haQe0gHFOU=,j31952/FpfUk+xjZ+f/KCfACTt0=
-25,-22,1i6OeOF5oCEOPNAy9haQe0gHFOU=,dmhLSn9dXSZg3rcVkKDC9uisR+A=
-23,-20,1i6OeOF5oCEOPNAy9haQe0gHFOU=,y36gdwQ+fX8MqLvHZy3/s4IlTCw=
-24,-21,1i6OeOF5oCEOPNAy9haQe0gHFOU=,j31952/FpfUk+xjZ+f/KCfACTt0=
-24,-19,1i6OeOF5oCEOPNAy9haQe0gHFOU=,y36gdwQ+fX8MqLvHZy3/s4IlTCw=
-24,-22,1i6OeOF5oCEOPNAy9haQe0gHFOU=,j31952/FpfUk+xjZ+f/KCfACTt0=
-23,-22,1i6OeOF5oCEOPNAy9haQe0gHFOU=,j31952/FpfUk+xjZ+f/KCfACTt0=
-21,-22,1i6OeOF5oCEOPNAy9haQe0gHFOU=,j31952/FpfUk+xjZ+f/KCfACTt0=
-22,-20,1i6OeOF5oCEOPNAy9haQe0gHFOU=,y36gdwQ+fX8MqLvHZy3/s4IlTCw=
-19,-20,1i6OeOF5oCEOPNAy9haQe0gHFOU=,KwUkhTnXmacpzfrMi8MGIbdQTfg=
-20,-20,s8E2KzgaK+f6IbdK4ziflXDpkN0=,KwUkhTnXmacpzfrMi8MGIbdQTfg=
-19,-21,s8E2KzgaK+f6IbdK4ziflXDpkN0=,Jy+2abKahVdncpI3962MqevI9pM=
-22,-19,s8E2KzgaK+f6IbdK4ziflXDpkN0=,y36gdwQ+fX8MqLvHZy3/s4IlTCw=
-19,-22,s8E2KzgaK+f6IbdK4ziflXDpkN0=,Jy+2abKahVdncpI3962MqevI9pM=
-21,-21,s8E2KzgaK+f6IbdK4ziflXDpkN0=,j31952/FpfUk+xjZ+f/KCfACTt0=
-20,-22,s8E2KzgaK+f6IbdK4ziflXDpkN0=,Jy+2abKahVdncpI3962MqevI9pM=
-20,-21,s8E2KzgaK+f6IbdK4ziflXDpkN0=,Jy+2abKahVdncpI3962MqevI9pM=
-19,-19,s8E2KzgaK+f6IbdK4ziflXDpkN0=,KwUkhTnXmacpzfrMi8MGIbdQTfg=
-27,-28,s8E2KzgaK+f6IbdK4ziflXDpkN0=,Ozx0jpYDLbtT1rV/XqAS3wmqB5g=
-26,-28,s8E2KzgaK+f6IbdK4ziflXDpkN0=,Ozx0jpYDLbtT1rV/XqAS3wmqB5g=
-27,-27,s8E2KzgaK+f6IbdK4ziflXDpkN0=,Ozx0jpYDLbtT1rV/XqAS3wmqB5g=
-27,-26,s8E2KzgaK+f6IbdK4ziflXDpkN0=,Ozx0jpYDLbtT1rV/XqAS3wmqB5g=
-27,-25,s8E2KzgaK+f6IbdK4ziflXDpkN0=,Ozx0jpYDLbtT1rV/XqAS3wmqB5g=
-28,-28,mTtwX9JDeGL5EdgXn0Su04XG2Go=,Ozx0jpYDLbtT1rV/XqAS3wmqB5g=
-28,-27,mTtwX9JDeGL5EdgXn0Su04XG2Go=,Ozx0jpYDLbtT1rV/XqAS3wmqB5g=
-28,-26,mTtwX9JDeGL5EdgXn0Su04XG2Go=,Ozx0jpYDLbtT1rV/XqAS3wmqB5g=
-21,-20,mTtwX9JDeGL5EdgXn0Su04XG2Go=,y36gdwQ+fX8MqLvHZy3/s4IlTCw=
-21,-19,mTtwX9JDeGL5EdgXn0Su04XG2Go=,y36gdwQ+fX8MqLvHZy3/s4IlTCw=
-22,-22,mTtwX9JDeGL5EdgXn0Su04XG2Go=,j31952/FpfUk+xjZ+f/KCfACTt0=
-22,-21,mTtwX9JDeGL5EdgXn0Su04XG2Go=,j31952/FpfUk+xjZ+f/KCfACTt0=
-20,-19,mTtwX9JDeGL5EdgXn0Su04XG2Go=,KwUkhTnXmacpzfrMi8MGIbdQTfg=
-26,-26,mTtwX9JDeGL5EdgXn0Su04XG2Go=,Ozx0jpYDLbtT1rV/XqAS3wmqB5g=
-26,-25,mTtwX9JDeGL5EdgXn0Su04XG2Go=,Ozx0jpYDLbtT1rV/XqAS3wmqB5g=
-25,-24,mTtwX9JDeGL5EdgXn0Su04XG2Go=,dmhLSn9dXSZg3rcVkKDC9uisR+A=
-25,-25,mTtwX9JDeGL5EdgXn0Su04XG2Go=,Ozx0jpYDLbtT1rV/XqAS3wmqB5g=
-25,-26,mTtwX9JDeGL5EdgXn0Su04XG2Go=,Ozx0jpYDLbtT1rV/XqAS3wmqB5g=
-24,-23,mTtwX9JDeGL5EdgXn0Su04XG2Go=,j31952/FpfUk+xjZ+f/KCfACTt0=
-24,-26,mTtwX9JDeGL5EdgXn0Su04XG2Go=,hozVk5HBAiQPZb8RDA6WLBt+uGA=
-23,-24,mTtwX9JDeGL5EdgXn0Su04XG2Go=,j31952/FpfUk+xjZ+f/KCfACTt0=
-23,-23,mTtwX9JDeGL5EdgXn0Su04XG2Go=,j31952/FpfUk+xjZ+f/KCfACTt0=
-24,-25,mTtwX9JDeGL5EdgXn0Su04XG2Go=,hozVk5HBAiQPZb8RDA6WLBt+uGA=
-26,-24,mTtwX9JDeGL5EdgXn0Su04XG2Go=,dmhLSn9dXSZg3rcVkKDC9uisR+A=
-24,-24,mTtwX9JDeGL5EdgXn0Su04XG2Go=,j31952/FpfUk+xjZ+f/KCfACTt0=
-25,-23,mTtwX9JDeGL5EdgXn0Su04XG2Go=,dmhLSn9dXSZg3rcVkKDC9uisR+A=
-26,-23,mTtwX9JDeGL5EdgXn0Su04XG2Go=,dmhLSn9dXSZg3rcVkKDC9uisR+A=
-23,-26,mTtwX9JDeGL5EdgXn0Su04XG2Go=,hozVk5HBAiQPZb8RDA6WLBt+uGA=
-23,-25,mTtwX9JDeGL5EdgXn0Su04XG2Go=,hozVk5HBAiQPZb8RDA6WLBt+uGA=
-21,-23,mTtwX9JDeGL5EdgXn0Su04XG2Go=,j31952/FpfUk+xjZ+f/KCfACTt0=
-22,-23,mTtwX9JDeGL5EdgXn0Su04XG2Go=,j31952/FpfUk+xjZ+f/KCfACTt0=
-20,-23,mTtwX9JDeGL5EdgXn0Su04XG2Go=,Jy+2abKahVdncpI3962MqevI9pM=
-20,-25,mTtwX9JDeGL5EdgXn0Su04XG2Go=,juHz4Ut+5SP3/73zjtahqq6WC70=
-21,-25,mTtwX9JDeGL5EdgXn0Su04XG2Go=,hozVk5HBAiQPZb8RDA6WLBt+uGA=
-20,-26,mTtwX9JDeGL5EdgXn0Su04XG2Go=,juHz4Ut+5SP3/73zjtahqq6WC70=
-22,-25,mTtwX9JDeGL5EdgXn0Su04XG2Go=,hozVk5HBAiQPZb8RDA6WLBt+uGA=
-22,-24,mTtwX9JDeGL5EdgXn0Su04XG2Go=,j31952/FpfUk+xjZ+f/KCfACTt0=
-19,-23,mTtwX9JDeGL5EdgXn0Su04XG2Go=,Jy+2abKahVdncpI3962MqevI9pM=
-21,-26,mTtwX9JDeGL5EdgXn0Su04XG2Go=,hozVk5HBAiQPZb8RDA6WLBt+uGA=
-20,-24,mTtwX9JDeGL5EdgXn0Su04XG2Go=,Jy+2abKahVdncpI3962MqevI9pM=
-19,-25,mTtwX9JDeGL5EdgXn0Su04XG2Go=,juHz4Ut+5SP3/73zjtahqq6WC70=
-21,-24,mTtwX9JDeGL5EdgXn0Su04XG2Go=,j31952/FpfUk+xjZ+f/KCfACTt0=
-19,-24,mTtwX9JDeGL5EdgXn0Su04XG2Go=,Jy+2abKahVdncpI3962MqevI9pM=
-22,-26,mTtwX9JDeGL5EdgXn0Su04XG2Go=,hozVk5HBAiQPZb8RDA6WLBt+uGA=
-19,-26,mTtwX9JDeGL5EdgXn0Su04XG2Go=,juHz4Ut+5SP3/73zjtahqq6WC70=
-18,-23,mTtwX9JDeGL5EdgXn0Su04XG2Go=,Jy+2abKahVdncpI3962MqevI9pM=
-18,-25,mTtwX9JDeGL5EdgXn0Su04XG2Go=,juHz4Ut+5SP3/73zjtahqq6WC70=
-18,-24,mTtwX9JDeGL5EdgXn0Su04XG2Go=,Jy+2abKahVdncpI3962MqevI9pM=
-18,-26,mTtwX9JDeGL5EdgXn0Su04XG2Go=,juHz4Ut+5SP3/73zjtahqq6WC70=
-17,-24,mTtwX9JDeGL5EdgXn0Su04XG2Go=,Jy+2abKahVdncpI3962MqevI9pM=
-17,-26,mTtwX9JDeGL5EdgXn0Su04XG2Go=,juHz4Ut+5SP3/73zjtahqq6WC70=
-30,-18,mTtwX9JDeGL5EdgXn0Su04XG2Go=,agXVCieLeXseOz1iwHmwRO4+sc0=
-28,-19,mTtwX9JDeGL5EdgXn0Su04XG2Go=,oSvbkA1fcs7CUt6G4S86zdvd5ok=
-29,-18,mTtwX9JDeGL5EdgXn0Su04XG2Go=,agXVCieLeXseOz1iwHmwRO4+sc0=
-30,-19,mTtwX9JDeGL5EdgXn0Su04XG2Go=,agXVCieLeXseOz1iwHmwRO4+sc0=
-29,-19,mTtwX9JDeGL5EdgXn0Su04XG2Go=,agXVCieLeXseOz1iwHmwRO4+sc0=
-31,-18,mTtwX9JDeGL5EdgXn0Su04XG2Go=,agXVCieLeXseOz1iwHmwRO4+sc0=
-31,-19,mTtwX9JDeGL5EdgXn0Su04XG2Go=,agXVCieLeXseOz1iwHmwRO4+sc0=
-28,-20,mTtwX9JDeGL5EdgXn0Su04XG2Go=,oSvbkA1fcs7CUt6G4S86zdvd5ok=
-28,-23,mTtwX9JDeGL5EdgXn0Su04XG2Go=,dmhLSn9dXSZg3rcVkKDC9uisR+A=
-30,-20,mTtwX9JDeGL5EdgXn0Su04XG2Go=,agXVCieLeXseOz1iwHmwRO4+sc0=
-31,-20,mTtwX9JDeGL5EdgXn0Su04XG2Go=,agXVCieLeXseOz1iwHmwRO4+sc0=
-27,-24,mTtwX9JDeGL5EdgXn0Su04XG2Go=,dmhLSn9dXSZg3rcVkKDC9uisR+A=
-17,-23,mTtwX9JDeGL5EdgXn0Su04XG2Go=,Jy+2abKahVdncpI3962MqevI9pM=
-17,-25,mTtwX9JDeGL5EdgXn0Su04XG2Go=,juHz4Ut+5SP3/73zjtahqq6WC70=
-29,-20,mTtwX9JDeGL5EdgXn0Su04XG2Go=,agXVCieLeXseOz1iwHmwRO4+sc0=
-28,-25,mTtwX9JDeGL5EdgXn0Su04XG2Go=,Ozx0jpYDLbtT1rV/XqAS3wmqB5g=
-28,-21,mTtwX9JDeGL5EdgXn0Su04XG2Go=,dmhLSn9dXSZg3rcVkKDC9uisR+A=
-28,-24,mTtwX9JDeGL5EdgXn0Su04XG2Go=,dmhLSn9dXSZg3rcVkKDC9uisR+A=
-28,-22,mTtwX9JDeGL5EdgXn0Su04XG2Go=,dmhLSn9dXSZg3rcVkKDC9uisR+A=
-32,-18,mTtwX9JDeGL5EdgXn0Su04XG2Go=,agXVCieLeXseOz1iwHmwRO4+sc0=
-32,-19,mTtwX9JDeGL5EdgXn0Su04XG2Go=,agXVCieLeXseOz1iwHmwRO4+sc0=
-27,-23,mTtwX9JDeGL5EdgXn0Su04XG2Go=,dmhLSn9dXSZg3rcVkKDC9uisR+A=
-27,-22,mTtwX9JDeGL5EdgXn0Su04XG2Go=,dmhLSn9dXSZg3rcVkKDC9uisR+A=
-17,-20,mTtwX9JDeGL5EdgXn0Su04XG2Go=,KwUkhTnXmacpzfrMi8MGIbdQTfg=
-17,-19,mTtwX9JDeGL5EdgXn0Su04XG2Go=,KwUkhTnXmacpzfrMi8MGIbdQTfg=
-18,-22,mTtwX9JDeGL5EdgXn0Su04XG2Go=,Jy+2abKahVdncpI3962MqevI9pM=
-18,-20,mTtwX9JDeGL5EdgXn0Su04XG2Go=,KwUkhTnXmacpzfrMi8MGIbdQTfg=
-18,-19,mTtwX9JDeGL5EdgXn0Su04XG2Go=,KwUkhTnXmacpzfrMi8MGIbdQTfg=
-17,-22,mTtwX9JDeGL5EdgXn0Su04XG2Go=,Jy+2abKahVdncpI3962MqevI9pM=
-27,-21,mTtwX9JDeGL5EdgXn0Su04XG2Go=,dmhLSn9dXSZg3rcVkKDC9uisR+A=
-17,-21,mTtwX9JDeGL5EdgXn0Su04XG2Go=,Jy+2abKahVdncpI3962MqevI9pM=
-18,-21,mTtwX9JDeGL5EdgXn0Su04XG2Go=,Jy+2abKahVdncpI3962MqevI9pM=
-27,-20,mTtwX9JDeGL5EdgXn0Su04XG2Go=,oSvbkA1fcs7CUt6G4S86zdvd5ok=
-27,-19,mTtwX9JDeGL5EdgXn0Su04XG2Go=,oSvbkA1fcs7CUt6G4S86zdvd5ok=
-32,-17,mTtwX9JDeGL5EdgXn0Su04XG2Go=,agXVCieLeXseOz1iwHmwRO4+sc0=
-31,-17,mTtwX9JDeGL5EdgXn0Su04XG2Go=,agXVCieLeXseOz1iwHmwRO4+sc0=
-30,-17,mTtwX9JDeGL5EdgXn0Su04XG2Go=,agXVCieLeXseOz1iwHmwRO4+sc0=
-32,-20,mTtwX9JDeGL5EdgXn0Su04XG2Go=,agXVCieLeXseOz1iwHmwRO4+sc0=
-29,-17,mTtwX9JDeGL5EdgXn0Su04XG2Go=,agXVCieLeXseOz1iwHmwRO4+sc0=
-28,-18,mTtwX9JDeGL5EdgXn0Su04XG2Go=,oSvbkA1fcs7CUt6G4S86zdvd5ok=
-17,-17,mTtwX9JDeGL5EdgXn0Su04XG2Go=,KwUkhTnXmacpzfrMi8MGIbdQTfg=
-17,-18,mTtwX9JDeGL5EdgXn0Su04XG2Go=,KwUkhTnXmacpzfrMi8MGIbdQTfg=
-18,-17,mTtwX9JDeGL5EdgXn0Su04XG2Go=,KwUkhTnXmacpzfrMi8MGIbdQTfg=
-19,-17,mTtwX9JDeGL5EdgXn0Su04XG2Go=,KwUkhTnXmacpzfrMi8MGIbdQTfg=
-28,-17,mTtwX9JDeGL5EdgXn0Su04XG2Go=,oSvbkA1fcs7CUt6G4S86zdvd5ok=
-27,-17,mTtwX9JDeGL5EdgXn0Su04XG2Go=,oSvbkA1fcs7CUt6G4S86zdvd5ok=
-23,-17,mTtwX9JDeGL5EdgXn0Su04XG2Go=,y36gdwQ+fX8MqLvHZy3/s4IlTCw=
-21,-17,mTtwX9JDeGL5EdgXn0Su04XG2Go=,y36gdwQ+fX8MqLvHZy3/s4IlTCw=
-26,-18,mTtwX9JDeGL5EdgXn0Su04XG2Go=,oSvbkA1fcs7CUt6G4S86zdvd5ok=
-18,-18,mTtwX9JDeGL5EdgXn0Su04XG2Go=,KwUkhTnXmacpzfrMi8MGIbdQTfg=
-17,-28,mTtwX9JDeGL5EdgXn0Su04XG2Go=,juHz4Ut+5SP3/73zjtahqq6WC70=
-23,-18,mTtwX9JDeGL5EdgXn0Su04XG2Go=,y36gdwQ+fX8MqLvHZy3/s4IlTCw=
-24,-18,mTtwX9JDeGL5EdgXn0Su04XG2Go=,y36gdwQ+fX8MqLvHZy3/s4IlTCw=
-27,-18,mTtwX9JDeGL5EdgXn0Su04XG2Go=,oSvbkA1fcs7CUt6G4S86zdvd5ok=
-20,-18,mTtwX9JDeGL5EdgXn0Su04XG2Go=,KwUkhTnXmacpzfrMi8MGIbdQTfg=
-25,-18,mTtwX9JDeGL5EdgXn0Su04XG2Go=,oSvbkA1fcs7CUt6G4S86zdvd5ok=
-18,-28,mTtwX9JDeGL5EdgXn0Su04XG2Go=,juHz4Ut+5SP3/73zjtahqq6WC70=
-22,-18,mTtwX9JDeGL5EdgXn0Su04XG2Go=,y36gdwQ+fX8MqLvHZy3/s4IlTCw=
-25,-27,mTtwX9JDeGL5EdgXn0Su04XG2Go=,Ozx0jpYDLbtT1rV/XqAS3wmqB5g=
-26,-17,mTtwX9JDeGL5EdgXn0Su04XG2Go=,oSvbkA1fcs7CUt6G4S86zdvd5ok=
-22,-17,mTtwX9JDeGL5EdgXn0Su04XG2Go=,y36gdwQ+fX8MqLvHZy3/s4IlTCw=
-17,-27,mTtwX9JDeGL5EdgXn0Su04XG2Go=,juHz4Ut+5SP3/73zjtahqq6WC70=
-25,-28,mTtwX9JDeGL5EdgXn0Su04XG2Go=,Ozx0jpYDLbtT1rV/XqAS3wmqB5g=
-26,-27,mTtwX9JDeGL5EdgXn0Su04XG2Go=,Ozx0jpYDLbtT1rV/XqAS3wmqB5g=
-24,-17,mTtwX9JDeGL5EdgXn0Su04XG2Go=,y36gdwQ+fX8MqLvHZy3/s4IlTCw=
-21,-27,mTtwX9JDeGL5EdgXn0Su04XG2Go=,hozVk5HBAiQPZb8RDA6WLBt+uGA=
-21,-18,mTtwX9JDeGL5EdgXn0Su04XG2Go=,y36gdwQ+fX8MqLvHZy3/s4IlTCw=
-24,-28,mTtwX9JDeGL5EdgXn0Su04XG2Go=,hozVk5HBAiQPZb8RDA6WLBt+uGA=
-20,-17,mTtwX9JDeGL5EdgXn0Su04XG2Go=,KwUkhTnXmacpzfrMi8MGIbdQTfg=
-23,-28,mTtwX9JDeGL5EdgXn0Su04XG2Go=,hozVk5HBAiQPZb8RDA6WLBt+uGA=
-25,-17,mTtwX9JDeGL5EdgXn0Su04XG2Go=,oSvbkA1fcs7CUt6G4S86zdvd5ok=
-19,-18,mTtwX9JDeGL5EdgXn0Su04XG2Go=,KwUkhTnXmacpzfrMi8MGIbdQTfg=
-22,-28,mTtwX9JDeGL5EdgXn0Su04XG2Go=,hozVk5HBAiQPZb8RDA6WLBt+uGA=
-20,-28,mTtwX9JDeGL5EdgXn0Su04XG2Go=,juHz4Ut+5SP3/73zjtahqq6WC70=
-21,-28,mTtwX9JDeGL5EdgXn0Su04XG2Go=,hozVk5HBAiQPZb8RDA6WLBt+uGA=
-19,-28,mTtwX9JDeGL5EdgXn0Su04XG2Go=,juHz4Ut+5SP3/73zjtahqq6WC70=
-23,-27,mTtwX9JDeGL5EdgXn0Su04XG2Go=,hozVk5HBAiQPZb8RDA6WLBt+uGA=
-24,-27,mTtwX9JDeGL5EdgXn0Su04XG2Go=,hozVk5HBAiQPZb8RDA6WLBt+uGA=
-18,-27,mTtwX9JDeGL5EdgXn0Su04XG2Go=,juHz4Ut+5SP3/73zjtahqq6WC70=
-22,-27,mTtwX9JDeGL5EdgXn0Su04XG2Go=,hozVk5HBAiQPZb8RDA6WLBt+uGA=
-20,-27,mTtwX9JDeGL5EdgXn0Su04XG2Go=,juHz4Ut+5SP3/73zjtahqq6WC70=
-19,-27,mTtwX9JDeGL5EdgXn0Su04XG2Go=,juHz4Ut+5SP3/73zjtahqq6WC70=
-29,-6,P2Rm2dJ+7h6HwN3Gc8VTD8iog7M=,4w+1O073qIT08h7fggLRTS1mqeU=
-28,-5,P2Rm2dJ+7h6HwN3Gc8VTD8iog7M=,0Y7fZUtv0Hcs4MBTr+LNNwQ2Nh4=
-29,-5,P2Rm2dJ+7h6HwN3Gc8VTD8iog7M=,4w+1O073qIT08h7fggLRTS1mqeU=
-30,-3,P2Rm2dJ+7h6HwN3Gc8VTD8iog7M=,mt06ym9WuAHmsmdc0oVoUzQjla0=
-30,-6,P2Rm2dJ+7h6HwN3Gc8VTD8iog7M=,4w+1O073qIT08h7fggLRTS1mqeU=
-29,-3,P2Rm2dJ+7h6HwN3Gc8VTD8iog7M=,mt06ym9WuAHmsmdc0oVoUzQjla0=
-27,-3,P2Rm2dJ+7h6HwN3Gc8VTD8iog7M=,XAZ/0Fpr8nda1QIh07AIAI1+FyI=
-28,-3,GDY36gLXpIdcOGxckhqsfwG9WLs=,XAZ/0Fpr8nda1QIh07AIAI1+FyI=
-30,-5,GDY36gLXpIdcOGxckhqsfwG9WLs=,4w+1O073qIT08h7fggLRTS1mqeU=
-29,-4,GDY36gLXpIdcOGxckhqsfwG9WLs=,mt06ym9WuAHmsmdc0oVoUzQjla0=
-28,-6,GDY36gLXpIdcOGxckhqsfwG9WLs=,0Y7fZUtv0Hcs4MBTr+LNNwQ2Nh4=
-30,-4,GDY36gLXpIdcOGxckhqsfwG9WLs=,mt06ym9WuAHmsmdc0oVoUzQjla0=
-27,-4,GDY36gLXpIdcOGxckhqsfwG9WLs=,XAZ/0Fpr8nda1QIh07AIAI1+FyI=
-27,-5,GDY36gLXpIdcOGxckhqsfwG9WLs=,0Y7fZUtv0Hcs4MBTr+LNNwQ2Nh4=
-28,-4,GDY36gLXpIdcOGxckhqsfwG9WLs=,XAZ/0Fpr8nda1QIh07AIAI1+FyI=
-27,-6,GDY36gLXpIdcOGxckhqsfwG9WLs=,0Y7fZUtv0Hcs4MBTr+LNNwQ2Nh4=
-23,-5,GDY36gLXpIdcOGxckhqsfwG9WLs=,ZA6L3GXM649cki5mo01Qp2vmvBw=
-24,-5,GDY36gLXpIdcOGxckhqsfwG9WLs=,ZA6L3GXM649cki5mo01Qp2vmvBw=
-26,-3,GDY36gLXpIdcOGxckhqsfwG9WLs=,XAZ/0Fpr8nda1QIh07AIAI1+FyI=
-24,-3,GDY36gLXpIdcOGxckhqsfwG9WLs=,gHy8FDSjw9gRDYaj6vhgtqbsK7Q=
-25,-3,GDY36gLXpIdcOGxckhqsfwG9WLs=,XAZ/0Fpr8nda1QIh07AIAI1+FyI=
-26,-4,GDY36gLXpIdcOGxckhqsfwG9WLs=,XAZ/0Fpr8nda1QIh07AIAI1+FyI=
-25,-5,GDY36gLXpIdcOGxckhqsfwG9WLs=,0Y7fZUtv0Hcs4MBTr+LNNwQ2Nh4=
-26,-6,GDY36gLXpIdcOGxckhqsfwG9WLs=,0Y7fZUtv0Hcs4MBTr+LNNwQ2Nh4=
-26,-5,GDY36gLXpIdcOGxckhqsfwG9WLs=,0Y7fZUtv0Hcs4MBTr+LNNwQ2Nh4=
-24,-6,QFpbBYj06UuOT70/Wn70YIwVKCI=,ZA6L3GXM649cki5mo01Qp2vmvBw=
-23,-6,QFpbBYj06UuOT70/Wn70YIwVKCI=,ZA6L3GXM649cki5mo01Qp2vmvBw=
-23,-3,QFpbBYj06UuOT70/Wn70YIwVKCI=,gHy8FDSjw9gRDYaj6vhgtqbsK7Q=
-24,-4,QFpbBYj06UuOT70/Wn70YIwVKCI=,gHy8FDSjw9gRDYaj6vhgtqbsK7Q=
-25,-4,QFpbBYj06UuOT70/Wn70YIwVKCI=,XAZ/0Fpr8nda1QIh07AIAI1+FyI=
-25,-6,QFpbBYj06UuOT70/Wn70YIwVKCI=,0Y7fZUtv0Hcs4MBTr+LNNwQ2Nh4=
-23,-4,QFpbBYj06UuOT70/Wn70YIwVKCI=,gHy8FDSjw9gRDYaj6vhgtqbsK7Q=
-22,-3,QFpbBYj06UuOT70/Wn70YIwVKCI=,gHy8FDSjw9gRDYaj6vhgtqbsK7Q=
-21,-5,QFpbBYj06UuOT70/Wn70YIwVKCI=,ZA6L3GXM649cki5mo01Qp2vmvBw=
-22,-4,QFpbBYj06UuOT70/Wn70YIwVKCI=,gHy8FDSjw9gRDYaj6vhgtqbsK7Q=
-22,-6,QFpbBYj06UuOT70/Wn70YIwVKCI=,ZA6L3GXM649cki5mo01Qp2vmvBw=
-19,-5,QFpbBYj06UuOT70/Wn70YIwVKCI=,mtnVQnFlm223+X6w89bG3wpmrsM=
-20,-5,QFpbBYj06UuOT70/Wn70YIwVKCI=,mtnVQnFlm223+X6w89bG3wpmrsM=
-21,-3,QFpbBYj06UuOT70/Wn70YIwVKCI=,gHy8FDSjw9gRDYaj6vhgtqbsK7Q=
-20,-6,QFpbBYj06UuOT70/Wn70YIwVKCI=,mtnVQnFlm223+X6w89bG3wpmrsM=
-19,-6,QFpbBYj06UuOT70/Wn70YIwVKCI=,mtnVQnFlm223+X6w89bG3wpmrsM=
-22,-5,QFpbBYj06UuOT70/Wn70YIwVKCI=,ZA6L3GXM649cki5mo01Qp2vmvBw=
-19,-3,QFpbBYj06UuOT70/Wn70YIwVKCI=,r2SF27iPRVE+WSovOzpiWNde8KQ=
-21,-6,QFpbBYj06UuOT70/Wn70YIwVKCI=,ZA6L3GXM649cki5mo01Qp2vmvBw=
-20,-3,QFpbBYj06UuOT70/Wn70YIwVKCI=,r2SF27iPRVE+WSovOzpiWNde8KQ=
-20,-4,QFpbBYj06UuOT70/Wn70YIwVKCI=,r2SF27iPRVE+WSovOzpiWNde8KQ=
-19,-4,QFpbBYj06UuOT70/Wn70YIwVKCI=,r2SF27iPRVE+WSovOzpiWNde8KQ=
-21,-4,QFpbBYj06UuOT70/Wn70YIwVKCI=,gHy8FDSjw9gRDYaj6vhgtqbsK7Q=
-22,-7,QFpbBYj06UuOT70/Wn70YIwVKCI=,ZA6L3GXM649cki5mo01Qp2vmvBw=
-22,-8,QFpbBYj06UuOT70/Wn70YIwVKCI=,ZA6L3GXM649cki5mo01Qp2vmvBw=
-20,-7,QFpbBYj06UuOT70/Wn70YIwVKCI=,mtnVQnFlm223+X6w89bG3wpmrsM=
-21,-10,QFpbBYj06UuOT70/Wn70YIwVKCI=,1BJkJkkShuFUOnSVivZUK+nk128=
-21,-9,QFpbBYj06UuOT70/Wn70YIwVKCI=,1BJkJkkShuFUOnSVivZUK+nk128=
-21,-8,QFpbBYj06UuOT70/Wn70YIwVKCI=,ZA6L3GXM649cki5mo01Qp2vmvBw=
-20,-10,QFpbBYj06UuOT70/Wn70YIwVKCI=,/FUpWHer4sSLv/OWUTw7CrjiHho=
-21,-7,QFpbBYj06UuOT70/Wn70YIwVKCI=,ZA6L3GXM649cki5mo01Qp2vmvBw=
-22,-9,QFpbBYj06UuOT70/Wn70YIwVKCI=,1BJkJkkShuFUOnSVivZUK+nk128=
-22,-10,QFpbBYj06UuOT70/Wn70YIwVKCI=,1BJkJkkShuFUOnSVivZUK+nk128=
-19,-8,QFpbBYj06UuOT70/Wn70YIwVKCI=,mtnVQnFlm223+X6w89bG3wpmrsM=
-19,-7,QFpbBYj06UuOT70/Wn70YIwVKCI=,mtnVQnFlm223+X6w89bG3wpmrsM=
-19,-9,QFpbBYj06UuOT70/Wn70YIwVKCI=,/FUpWHer4sSLv/OWUTw7CrjiHho=
-20,-8,QFpbBYj06UuOT70/Wn70YIwVKCI=,mtnVQnFlm223+X6w89bG3wpmrsM=
-20,-9,QFpbBYj06UuOT70/Wn70YIwVKCI=,/FUpWHer4sSLv/OWUTw7CrjiHho=
-19,-10,QFpbBYj06UuOT70/Wn70YIwVKCI=,/FUpWHer4sSLv/OWUTw7CrjiHho=
-20,-11,QFpbBYj06UuOT70/Wn70YIwVKCI=,/FUpWHer4sSLv/OWUTw7CrjiHho=
-19,-12,QFpbBYj06UuOT70/Wn70YIwVKCI=,/FUpWHer4sSLv/OWUTw7CrjiHho=
-20,-12,QFpbBYj06UuOT70/Wn70YIwVKCI=,/FUpWHer4sSLv/OWUTw7CrjiHho=
-19,-11,QFpbBYj06UuOT70/Wn70YIwVKCI=,/FUpWHer4sSLv/OWUTw7CrjiHho=
-21,-11,QFpbBYj06UuOT70/Wn70YIwVKCI=,1BJkJkkShuFUOnSVivZUK+nk128=
-21,-12,QFpbBYj06UuOT70/Wn70YIwVKCI=,1BJkJkkShuFUOnSVivZUK+nk128=
-22,-11,QFpbBYj06UuOT70/Wn70YIwVKCI=,1BJkJkkShuFUOnSVivZUK+nk128=
-19,-13,QFpbBYj06UuOT70/Wn70YIwVKCI=,ZlXj4MX+uw3/8a59PZGISY8sZBI=
-20,-14,QFpbBYj06UuOT70/Wn70YIwVKCI=,ZlXj4MX+uw3/8a59PZGISY8sZBI=
-20,-13,QFpbBYj06UuOT70/Wn70YIwVKCI=,ZlXj4MX+uw3/8a59PZGISY8sZBI=
-19,-14,QFpbBYj06UuOT70/Wn70YIwVKCI=,ZlXj4MX+uw3/8a59PZGISY8sZBI=
-22,-13,QFpbBYj06UuOT70/Wn70YIwVKCI=,NyY+ou7NId8efwiAPxMG47kIRlc=
-22,-12,QFpbBYj06UuOT70/Wn70YIwVKCI=,1BJkJkkShuFUOnSVivZUK+nk128=
-22,-14,QFpbBYj06UuOT70/Wn70YIwVKCI=,NyY+ou7NId8efwiAPxMG47kIRlc=
-21,-14,QFpbBYj06UuOT70/Wn70YIwVKCI=,NyY+ou7NId8efwiAPxMG47kIRlc=
-21,-13,QFpbBYj06UuOT70/Wn70YIwVKCI=,NyY+ou7NId8efwiAPxMG47kIRlc=
-29,-8,Dwd5R2gHEgqMmwtAbaCpj0h0KgY=,4w+1O073qIT08h7fggLRTS1mqeU=
-24,-8,Dwd5R2gHEgqMmwtAbaCpj0h0KgY=,ZA6L3GXM649cki5mo01Qp2vmvBw=
-24,-9,Dwd5R2gHEgqMmwtAbaCpj0h0KgY=,1BJkJkkShuFUOnSVivZUK+nk128=
-25,-7,Dwd5R2gHEgqMmwtAbaCpj0h0KgY=,0Y7fZUtv0Hcs4MBTr+LNNwQ2Nh4=
-24,-7,Dwd5R2gHEgqMmwtAbaCpj0h0KgY=,ZA6L3GXM649cki5mo01Qp2vmvBw=
-28,-9,Dwd5R2gHEgqMmwtAbaCpj0h0KgY=,E8F7/sznnpdU1GVxS3z1OT7+dQQ=
-26,-7,Dwd5R2gHEgqMmwtAbaCpj0h0KgY=,0Y7fZUtv0Hcs4MBTr+LNNwQ2Nh4=
-25,-9,Dwd5R2gHEgqMmwtAbaCpj0h0KgY=,E8F7/sznnpdU1GVxS3z1OT7+dQQ=
-26,-9,Dwd5R2gHEgqMmwtAbaCpj0h0KgY=,E8F7/sznnpdU1GVxS3z1OT7+dQQ=
-23,-10,Dwd5R2gHEgqMmwtAbaCpj0h0KgY=,1BJkJkkShuFUOnSVivZUK+nk128=
-23,-11,Dwd5R2gHEgqMmwtAbaCpj0h0KgY=,1BJkJkkShuFUOnSVivZUK+nk128=
-25,-8,Dwd5R2gHEgqMmwtAbaCpj0h0KgY=,0Y7fZUtv0Hcs4MBTr+LNNwQ2Nh4=
-28,-10,Dwd5R2gHEgqMmwtAbaCpj0h0KgY=,E8F7/sznnpdU1GVxS3z1OT7+dQQ=
-23,-9,Dwd5R2gHEgqMmwtAbaCpj0h0KgY=,1BJkJkkShuFUOnSVivZUK+nk128=
-23,-7,Dwd5R2gHEgqMmwtAbaCpj0h0KgY=,ZA6L3GXM649cki5mo01Qp2vmvBw=
-26,-8,Dwd5R2gHEgqMmwtAbaCpj0h0KgY=,0Y7fZUtv0Hcs4MBTr+LNNwQ2Nh4=
-23,-8,+2a8tWQJSo6tGQtEfqQOofn1ZmU=,ZA6L3GXM649cki5mo01Qp2vmvBw=
-23,-13,+2a8tWQJSo6tGQtEfqQOofn1ZmU=,NyY+ou7NId8efwiAPxMG47kIRlc=
-23,-12,+2a8tWQJSo6tGQtEfqQOofn1ZmU=,1BJkJkkShuFUOnSVivZUK+nk128=
-23,-14,+2a8tWQJSo6tGQtEfqQOofn1ZmU=,NyY+ou7NId8efwiAPxMG47kIRlc=
-26,-14,+2a8tWQJSo6tGQtEfqQOofn1ZmU=,fDtHABKwzFq7bNMmbML+NIQztis=
-27,-9,+2a8tWQJSo6tGQtEfqQOofn1ZmU=,E8F7/sznnpdU1GVxS3z1OT7+dQQ=
-24,-13,+2a8tWQJSo6tGQtEfqQOofn1ZmU=,NyY+ou7NId8efwiAPxMG47kIRlc=
-29,-10,+2a8tWQJSo6tGQtEfqQOofn1ZmU=,bLy6gQvQDXfSFe3frfLYKJLhQsY=
-25,-14,+2a8tWQJSo6tGQtEfqQOofn1ZmU=,fDtHABKwzFq7bNMmbML+NIQztis=
-26,-12,+2a8tWQJSo6tGQtEfqQOofn1ZmU=,E8F7/sznnpdU1GVxS3z1OT7+dQQ=
-24,-14,+2a8tWQJSo6tGQtEfqQOofn1ZmU=,NyY+ou7NId8efwiAPxMG47kIRlc=
-30,-9,+2a8tWQJSo6tGQtEfqQOofn1ZmU=,bLy6gQvQDXfSFe3frfLYKJLhQsY=
-25,-12,+2a8tWQJSo6tGQtEfqQOofn1ZmU=,E8F7/sznnpdU1GVxS3z1OT7+dQQ=
-26,-11,+2a8tWQJSo6tGQtEfqQOofn1ZmU=,E8F7/sznnpdU1GVxS3z1OT7+dQQ=
-25,-10,+2a8tWQJSo6tGQtEfqQOofn1ZmU=,E8F7/sznnpdU1GVxS3z1OT7+dQQ=
-25,-11,+2a8tWQJSo6tGQtEfqQOofn1ZmU=,E8F7/sznnpdU1GVxS3z1OT7+dQQ=
-30,-7,+2a8tWQJSo6tGQtEfqQOofn1ZmU=,4w+1O073qIT08h7fggLRTS1mqeU=
-29,-9,+2a8tWQJSo6tGQtEfqQOofn1ZmU=,bLy6gQvQDXfSFe3frfLYKJLhQsY=
-30,-10,+2a8tWQJSo6tGQtEfqQOofn1ZmU=,bLy6gQvQDXfSFe3frfLYKJLhQsY=
-24,-12,+2a8tWQJSo6tGQtEfqQOofn1ZmU=,1BJkJkkShuFUOnSVivZUK+nk128=
-27,-10,+2a8tWQJSo6tGQtEfqQOofn1ZmU=,E8F7/sznnpdU1GVxS3z1OT7+dQQ=
-24,-10,+2a8tWQJSo6tGQtEfqQOofn1ZmU=,1BJkJkkShuFUOnSVivZUK+nk128=
-24,-11,+2a8tWQJSo6tGQtEfqQOofn1ZmU=,1BJkJkkShuFUOnSVivZUK+nk128=
-29,-7,+2a8tWQJSo6tGQtEfqQOofn1ZmU=,4w+1O073qIT08h7fggLRTS1mqeU=
-28,-7,+2a8tWQJSo6tGQtEfqQOofn1ZmU=,0Y7fZUtv0Hcs4MBTr+LNNwQ2Nh4=
-26,-10,+2a8tWQJSo6tGQtEfqQOofn1ZmU=,E8F7/sznnpdU1GVxS3z1OT7+dQQ=
-27,-7,+2a8tWQJSo6tGQtEfqQOofn1ZmU=,0Y7fZUtv0Hcs4MBTr+LNNwQ2Nh4=
-26,-13,+2a8tWQJSo6tGQtEfqQOofn1ZmU=,fDtHABKwzFq7bNMmbML+NIQztis=
-27,-8,+2a8tWQJSo6tGQtEfqQOofn1ZmU=,0Y7fZUtv0Hcs4MBTr+LNNwQ2Nh4=
-30,-8,+2a8tWQJSo6tGQtEfqQOofn1ZmU=,4w+1O073qIT08h7fggLRTS1mqeU=
-28,-8,+2a8tWQJSo6tGQtEfqQOofn1ZmU=,0Y7fZUtv0Hcs4MBTr+LNNwQ2Nh4=
-25,-13,+2a8tWQJSo6tGQtEfqQOofn1ZmU=,fDtHABKwzFq7bNMmbML+NIQztis=
-31,-16,+2a8tWQJSo6tGQtEfqQOofn1ZmU=,+I1Dj5IYvPUucXSRmUXLHa3hmjY=
-30,-12,+2a8tWQJSo6tGQtEfqQOofn1ZmU=,bLy6gQvQDXfSFe3frfLYKJLhQsY=
-27,-13,+2a8tWQJSo6tGQtEfqQOofn1ZmU=,fDtHABKwzFq7bNMmbML+NIQztis=
-28,-11,+2a8tWQJSo6tGQtEfqQOofn1ZmU=,E8F7/sznnpdU1GVxS3z1OT7+dQQ=
-28,-14,+2a8tWQJSo6tGQtEfqQOofn1ZmU=,fDtHABKwzFq7bNMmbML+NIQztis=
-27,-14,+2a8tWQJSo6tGQtEfqQOofn1ZmU=,fDtHABKwzFq7bNMmbML+NIQztis=
-27,-12,+2a8tWQJSo6tGQtEfqQOofn1ZmU=,E8F7/sznnpdU1GVxS3z1OT7+dQQ=
-29,-12,+2a8tWQJSo6tGQtEfqQOofn1ZmU=,bLy6gQvQDXfSFe3frfLYKJLhQsY=
-29,-13,+2a8tWQJSo6tGQtEfqQOofn1ZmU=,+I1Dj5IYvPUucXSRmUXLHa3hmjY=
-27,-11,+2a8tWQJSo6tGQtEfqQOofn1ZmU=,E8F7/sznnpdU1GVxS3z1OT7+dQQ=
-29,-11,+2a8tWQJSo6tGQtEfqQOofn1ZmU=,bLy6gQvQDXfSFe3frfLYKJLhQsY=
-30,-11,ZQNxUtdoFLLfg4BmOtKkn0UYWDs=,bLy6gQvQDXfSFe3frfLYKJLhQsY=
-30,-13,ZQNxUtdoFLLfg4BmOtKkn0UYWDs=,+I1Dj5IYvPUucXSRmUXLHa3hmjY=
-28,-12,ZQNxUtdoFLLfg4BmOtKkn0UYWDs=,E8F7/sznnpdU1GVxS3z1OT7+dQQ=
-28,-13,ZQNxUtdoFLLfg4BmOtKkn0UYWDs=,fDtHABKwzFq7bNMmbML+NIQztis=
-30,-14,ZQNxUtdoFLLfg4BmOtKkn0UYWDs=,+I1Dj5IYvPUucXSRmUXLHa3hmjY=
-31,-13,ZQNxUtdoFLLfg4BmOtKkn0UYWDs=,+I1Dj5IYvPUucXSRmUXLHa3hmjY=
-31,-12,ZQNxUtdoFLLfg4BmOtKkn0UYWDs=,bLy6gQvQDXfSFe3frfLYKJLhQsY=
-29,-14,ZQNxUtdoFLLfg4BmOtKkn0UYWDs=,+I1Dj5IYvPUucXSRmUXLHa3hmjY=
-31,-11,ZQNxUtdoFLLfg4BmOtKkn0UYWDs=,bLy6gQvQDXfSFe3frfLYKJLhQsY=
-31,-14,ZQNxUtdoFLLfg4BmOtKkn0UYWDs=,+I1Dj5IYvPUucXSRmUXLHa3hmjY=
-32,-14,ZQNxUtdoFLLfg4BmOtKkn0UYWDs=,+I1Dj5IYvPUucXSRmUXLHa3hmjY=
-32,-13,ZQNxUtdoFLLfg4BmOtKkn0UYWDs=,+I1Dj5IYvPUucXSRmUXLHa3hmjY=
-32,-12,ZQNxUtdoFLLfg4BmOtKkn0UYWDs=,bLy6gQvQDXfSFe3frfLYKJLhQsY=
-32,-11,ZQNxUtdoFLLfg4BmOtKkn0UYWDs=,bLy6gQvQDXfSFe3frfLYKJLhQsY=
-30,-16,ZQNxUtdoFLLfg4BmOtKkn0UYWDs=,+I1Dj5IYvPUucXSRmUXLHa3hmjY=
-29,-16,ZQNxUtdoFLLfg4BmOtKkn0UYWDs=,+I1Dj5IYvPUucXSRmUXLHa3hmjY=
-30,-15,ZQNxUtdoFLLfg4BmOtKkn0UYWDs=,+I1Dj5IYvPUucXSRmUXLHa3hmjY=
-29,-15,ZQNxUtdoFLLfg4BmOtKkn0UYWDs=,+I1Dj5IYvPUucXSRmUXLHa3hmjY=
-28,-15,ZQNxUtdoFLLfg4BmOtKkn0UYWDs=,fDtHABKwzFq7bNMmbML+NIQztis=
-27,-15,ZQNxUtdoFLLfg4BmOtKkn0UYWDs=,fDtHABKwzFq7bNMmbML+NIQztis=
-28,-16,ZQNxUtdoFLLfg4BmOtKkn0UYWDs=,fDtHABKwzFq7bNMmbML+NIQztis=
-27,-16,ZQNxUtdoFLLfg4BmOtKkn0UYWDs=,fDtHABKwzFq7bNMmbML+NIQztis=
-32,-8,ZQNxUtdoFLLfg4BmOtKkn0UYWDs=,4w+1O073qIT08h7fggLRTS1mqeU=
-26,-15,ZQNxUtdoFLLfg4BmOtKkn0UYWDs=,fDtHABKwzFq7bNMmbML+NIQztis=
-25,-15,ZQNxUtdoFLLfg4BmOtKkn0UYWDs=,fDtHABKwzFq7bNMmbML+NIQztis=
-24,-16,ZQNxUtdoFLLfg4BmOtKkn0UYWDs=,NyY+ou7NId8efwiAPxMG47kIRlc=
-23,-16,ZQNxUtdoFLLfg4BmOtKkn0UYWDs=,NyY+ou7NId8efwiAPxMG47kIRlc=
-25,-16,ZQNxUtdoFLLfg4BmOtKkn0UYWDs=,fDtHABKwzFq7bNMmbML+NIQztis=
-24,-15,ZQNxUtdoFLLfg4BmOtKkn0UYWDs=,NyY+ou7NId8efwiAPxMG47kIRlc=
-23,-15,ZQNxUtdoFLLfg4BmOtKkn0UYWDs=,NyY+ou7NId8efwiAPxMG47kIRlc=
-32,-7,ZQNxUtdoFLLfg4BmOtKkn0UYWDs=,4w+1O073qIT08h7fggLRTS1mqeU=
-26,-16,ZQNxUtdoFLLfg4BmOtKkn0UYWDs=,fDtHABKwzFq7bNMmbML+NIQztis=
-31,-7,ZQNxUtdoFLLfg4BmOtKkn0UYWDs=,4w+1O073qIT08h7fggLRTS1mqeU=
-32,-9,ZQNxUtdoFLLfg4BmOtKkn0UYWDs=,bLy6gQvQDXfSFe3frfLYKJLhQsY=
-31,-8,ZQNxUtdoFLLfg4BmOtKkn0UYWDs=,4w+1O073qIT08h7fggLRTS1mqeU=
-31,-9,ZQNxUtdoFLLfg4BmOtKkn0UYWDs=,bLy6gQvQDXfSFe3frfLYKJLhQsY=
-31,-10,ZQNxUtdoFLLfg4BmOtKkn0UYWDs=,bLy6gQvQDXfSFe3frfLYKJLhQsY=
-32,-10,ZQNxUtdoFLLfg4BmOtKkn0UYWDs=,bLy6gQvQDXfSFe3frfLYKJLhQsY=
-20,-16,ZQNxUtdoFLLfg4BmOtKkn0UYWDs=,ZlXj4MX+uw3/8a59PZGISY8sZBI=
-32,-5,ZQNxUtdoFLLfg4BmOtKkn0UYWDs=,4w+1O073qIT08h7fggLRTS1mqeU=
-19,-16,ZQNxUtdoFLLfg4BmOtKkn0UYWDs=,ZlXj4MX+uw3/8a59PZGISY8sZBI=
-21,-16,ZQNxUtdoFLLfg4BmOtKkn0UYWDs=,NyY+ou7NId8efwiAPxMG47kIRlc=
-32,-4,ZQNxUtdoFLLfg4BmOtKkn0UYWDs=,mt06ym9WuAHmsmdc0oVoUzQjla0=
-19,-15,ZQNxUtdoFLLfg4BmOtKkn0UYWDs=,ZlXj4MX+uw3/8a59PZGISY8sZBI=
-32,-6,ZQNxUtdoFLLfg4BmOtKkn0UYWDs=,4w+1O073qIT08h7fggLRTS1mqeU=
-22,-16,ZQNxUtdoFLLfg4BmOtKkn0UYWDs=,NyY+ou7NId8efwiAPxMG47kIRlc=
-20,-15,ZQNxUtdoFLLfg4BmOtKkn0UYWDs=,ZlXj4MX+uw3/8a59PZGISY8sZBI=
-21,-15,ZQNxUtdoFLLfg4BmOtKkn0UYWDs=,NyY+ou7NId8efwiAPxMG47kIRlc=
-22,-15,ZQNxUtdoFLLfg4BmOtKkn0UYWDs=,NyY+ou7NId8efwiAPxMG47kIRlc=
-31,-6,ZQNxUtdoFLLfg4BmOtKkn0UYWDs=,4w+1O073qIT08h7fggLRTS1mqeU=
-31,-5,ZQNxUtdoFLLfg4BmOtKkn0UYWDs=,4w+1O073qIT08h7fggLRTS1mqeU=
-32,-3,ZQNxUtdoFLLfg4BmOtKkn0UYWDs=,mt06ym9WuAHmsmdc0oVoUzQjla0=
-31,-3,ZQNxUtdoFLLfg4BmOtKkn0UYWDs=,mt06ym9WuAHmsmdc0oVoUzQjla0=
-31,-4,ZQNxUtdoFLLfg4BmOtKkn0UYWDs=,mt06ym9WuAHmsmdc0oVoUzQjla0=
-18,-12,ZQNxUtdoFLLfg4BmOtKkn0UYWDs=,/FUpWHer4sSLv/OWUTw7CrjiHho=
-17,-12,ZQNxUtdoFLLfg4BmOtKkn0UYWDs=,/FUpWHer4sSLv/OWUTw7CrjiHho=
-17,-11,ZQNxUtdoFLLfg4BmOtKkn0UYWDs=,/FUpWHer4sSLv/OWUTw7CrjiHho=
-18,-11,ZQNxUtdoFLLfg4BmOtKkn0UYWDs=,/FUpWHer4sSLv/OWUTw7CrjiHho=
-18,-13,ZQNxUtdoFLLfg4BmOtKkn0UYWDs=,ZlXj4MX+uw3/8a59PZGISY8sZBI=
-17,-14,ZQNxUtdoFLLfg4BmOtKkn0UYWDs=,ZlXj4MX+uw3/8a59PZGISY8sZBI=
-18,-14,ZQNxUtdoFLLfg4BmOtKkn0UYWDs=,ZlXj4MX+uw3/8a59PZGISY8sZBI=
-17,-13,ZQNxUtdoFLLfg4BmOtKkn0UYWDs=,ZlXj4MX+uw3/8a59PZGISY8sZBI=
-17,-3,ZQNxUtdoFLLfg4BmOtKkn0UYWDs=,r2SF27iPRVE+WSovOzpiWNde8KQ=
-18,-8,ZQNxUtdoFLLfg4BmOtKkn0UYWDs=,mtnVQnFlm223+X6w89bG3wpmrsM=
-17,-7,ZQNxUtdoFLLfg4BmOtKkn0UYWDs=,mtnVQnFlm223+X6w89bG3wpmrsM=
-18,-7,ZQNxUtdoFLLfg4BmOtKkn0UYWDs=,mtnVQnFlm223+X6w89bG3wpmrsM=
-17,-8,ZQNxUtdoFLLfg4BmOtKkn0UYWDs=,mtnVQnFlm223+X6w89bG3wpmrsM=
-18,-9,ZQNxUtdoFLLfg4BmOtKkn0UYWDs=,/FUpWHer4sSLv/OWUTw7CrjiHho=
-17,-9,ZQNxUtdoFLLfg4BmOtKkn0UYWDs=,/FUpWHer4sSLv/OWUTw7CrjiHho=
-17,-5,ZQNxUtdoFLLfg4BmOtKkn0UYWDs=,mtnVQnFlm223+X6w89bG3wpmrsM=
-17,-10,ZQNxUtdoFLLfg4BmOtKkn0UYWDs=,/FUpWHer4sSLv/OWUTw7CrjiHho=
-17,-4,ZQNxUtdoFLLfg4BmOtKkn0UYWDs=,r2SF27iPRVE+WSovOzpiWNde8KQ=
-18,-3,ZQNxUtdoFLLfg4BmOtKkn0UYWDs=,r2SF27iPRVE+WSovOzpiWNde8KQ=
-18,-10,ZQNxUtdoFLLfg4BmOtKkn0UYWDs=,/FUpWHer4sSLv/OWUTw7CrjiHho=
-17,-6,ZQNxUtdoFLLfg4BmOtKkn0UYWDs=,mtnVQnFlm223+X6w89bG3wpmrsM=
-18,-6,ZQNxUtdoFLLfg4BmOtKkn0UYWDs=,mtnVQnFlm223+X6w89bG3wpmrsM=
-32,-16,ZQNxUtdoFLLfg4BmOtKkn0UYWDs=,+I1Dj5IYvPUucXSRmUXLHa3hmjY=
-18,-5,ZQNxUtdoFLLfg4BmOtKkn0UYWDs=,mtnVQnFlm223+X6w89bG3wpmrsM=
-32,-15,ZQNxUtdoFLLfg4BmOtKkn0UYWDs=,+I1Dj5IYvPUucXSRmUXLHa3hmjY=
-18,-4,ZQNxUtdoFLLfg4BmOtKkn0UYWDs=,r2SF27iPRVE+WSovOzpiWNde8KQ=
-18,-1,ZQNxUtdoFLLfg4BmOtKkn0UYWDs=,r2SF27iPRVE+WSovOzpiWNde8KQ=
-31,-15,ZQNxUtdoFLLfg4BmOtKkn0UYWDs=,+I1Dj5IYvPUucXSRmUXLHa3hmjY=
-17,-2,ZQNxUtdoFLLfg4BmOtKkn0UYWDs=,r2SF27iPRVE+WSovOzpiWNde8KQ=
-18,-2,ZQNxUtdoFLLfg4BmOtKkn0UYWDs=,r2SF27iPRVE+WSovOzpiWNde8KQ=
-17,-1,ZQNxUtdoFLLfg4BmOtKkn0UYWDs=,r2SF27iPRVE+WSovOzpiWNde8KQ=
-19,-1,ZQNxUtdoFLLfg4BmOtKkn0UYWDs=,r2SF27iPRVE+WSovOzpiWNde8KQ=
-20,-1,ZQNxUtdoFLLfg4BmOtKkn0UYWDs=,r2SF27iPRVE+WSovOzpiWNde8KQ=
-21,-2,ZQNxUtdoFLLfg4BmOtKkn0UYWDs=,gHy8FDSjw9gRDYaj6vhgtqbsK7Q=
-20,-2,ZQNxUtdoFLLfg4BmOtKkn0UYWDs=,r2SF27iPRVE+WSovOzpiWNde8KQ=
-22,-2,ZQNxUtdoFLLfg4BmOtKkn0UYWDs=,gHy8FDSjw9gRDYaj6vhgtqbsK7Q=
-22,-1,ZQNxUtdoFLLfg4BmOtKkn0UYWDs=,gHy8FDSjw9gRDYaj6vhgtqbsK7Q=
-19,-2,ZQNxUtdoFLLfg4BmOtKkn0UYWDs=,r2SF27iPRVE+WSovOzpiWNde8KQ=
-21,-1,ZQNxUtdoFLLfg4BmOtKkn0UYWDs=,gHy8FDSjw9gRDYaj6vhgtqbsK7Q=
-31,-2,ZQNxUtdoFLLfg4BmOtKkn0UYWDs=,mt06ym9WuAHmsmdc0oVoUzQjla0=
-32,-1,ZQNxUtdoFLLfg4BmOtKkn0UYWDs=,mt06ym9WuAHmsmdc0oVoUzQjla0=
-31,-1,ZQNxUtdoFLLfg4BmOtKkn0UYWDs=,mt06ym9WuAHmsmdc0oVoUzQjla0=
-32,-2,ZQNxUtdoFLLfg4BmOtKkn0UYWDs=,mt06ym9WuAHmsmdc0oVoUzQjla0=
-24,-1,ZQNxUtdoFLLfg4BmOtKkn0UYWDs=,gHy8FDSjw9gRDYaj6vhgtqbsK7Q=
-26,-2,ZQNxUtdoFLLfg4BmOtKkn0UYWDs=,XAZ/0Fpr8nda1QIh07AIAI1+FyI=
-29,-1,ZQNxUtdoFLLfg4BmOtKkn0UYWDs=,mt06ym9WuAHmsmdc0oVoUzQjla0=
-28,-2,ZQNxUtdoFLLfg4BmOtKkn0UYWDs=,XAZ/0Fpr8nda1QIh07AIAI1+FyI=
-27,-2,ZQNxUtdoFLLfg4BmOtKkn0UYWDs=,XAZ/0Fpr8nda1QIh07AIAI1+FyI=
-30,-1,ZQNxUtdoFLLfg4BmOtKkn0UYWDs=,mt06ym9WuAHmsmdc0oVoUzQjla0=
-30,-2,ZQNxUtdoFLLfg4BmOtKkn0UYWDs=,mt06ym9WuAHmsmdc0oVoUzQjla0=
-29,-2,ZQNxUtdoFLLfg4BmOtKkn0UYWDs=,mt06ym9WuAHmsmdc0oVoUzQjla0=
-25,-2,ZQNxUtdoFLLfg4BmOtKkn0UYWDs=,XAZ/0Fpr8nda1QIh07AIAI1+FyI=
-24,-2,ZQNxUtdoFLLfg4BmOtKkn0UYWDs=,gHy8FDSjw9gRDYaj6vhgtqbsK7Q=
-23,-1,ZQNxUtdoFLLfg4BmOtKkn0UYWDs=,gHy8FDSjw9gRDYaj6vhgtqbsK7Q=
-17,-16,ZQNxUtdoFLLfg4BmOtKkn0UYWDs=,ZlXj4MX+uw3/8a59PZGISY8sZBI=
-23,-2,ZQNxUtdoFLLfg4BmOtKkn0UYWDs=,gHy8FDSjw9gRDYaj6vhgtqbsK7Q=
-26,-1,ZQNxUtdoFLLfg4BmOtKkn0UYWDs=,XAZ/0Fpr8nda1QIh07AIAI1+FyI=
-28,-1,ZQNxUtdoFLLfg4BmOtKkn0UYWDs=,XAZ/0Fpr8nda1QIh07AIAI1+FyI=
-17,-15,ZQNxUtdoFLLfg4BmOtKkn0UYWDs=,ZlXj4MX+uw3/8a59PZGISY8sZBI=
-25,-1,ZQNxUtdoFLLfg4BmOtKkn0UYWDs=,XAZ/0Fpr8nda1QIh07AIAI1+FyI=
-18,-16,ZQNxUtdoFLLfg4BmOtKkn0UYWDs=,ZlXj4MX+uw3/8a59PZGISY8sZBI=
-18,-15,ZQNxUtdoFLLfg4BmOtKkn0UYWDs=,ZlXj4MX+uw3/8a59PZGISY8sZBI=
-27,-1,ZQNxUtdoFLLfg4BmOtKkn0UYWDs=,XAZ/0Fpr8nda1QIh07AIAI1+FyI=
