-96,14,i0vaFzHpbbb4yVPlm3CytHEjDiI=,oGDJU9SLzDiJ5+nTgm1THwTUyw8=
-94,7,i0vaFzHpbbb4yVPlm3CytHEjDiI=,Y93Ty6Z4jq05ErR8CXuZCQJPD3w=
-89,7,i0vaFzHpbbb4yVPlm3CytHEjDiI=,Y93Ty6Z4jq05ErR8CXuZCQJPD3w=
-87,10,i0vaFzHpbbb4yVPlm3CytHEjDiI=,slRmxM617GsBrvG9cSwI6FSVWC8=
-90,7,i0vaFzHpbbb4yVPlm3CytHEjDiI=,Y93Ty6Z4jq05ErR8CXuZCQJPD3w=
-85,10,i0vaFzHpbbb4yVPlm3CytHEjDiI=,slRmxM617GsBrvG9cSwI6FSVWC8=
-92,7,i0vaFzHpbbb4yVPlm3CytHEjDiI=,Y93Ty6Z4jq05ErR8CXuZCQJPD3w=
-86,10,i0vaFzHpbbb4yVPlm3CytHEjDiI=,slRmxM617GsBrvG9cSwI6FSVWC8=
-85,15,i0vaFzHpbbb4yVPlm3CytHEjDiI=,slRmxM617GsBrvG9cSwI6FSVWC8=
-91,7,i0vaFzHpbbb4yVPlm3CytHEjDiI=,Y93Ty6Z4jq05ErR8CXuZCQJPD3w=
-95,7,i0vaFzHpbbb4yVPlm3CytHEjDiI=,Y93Ty6Z4jq05ErR8CXuZCQJPD3w=
-88,8,i0vaFzHpbbb4yVPlm3CytHEjDiI=,slRmxM617GsBrvG9cSwI6FSVWC8=
-89,0,i0vaFzHpbbb4yVPlm3CytHEjDiI=,Y93Ty6Z4jq05ErR8CXuZCQJPD3w=
-96,7,i0vaFzHpbbb4yVPlm3CytHEjDiI=,Y93Ty6Z4jq05ErR8CXuZCQJPD3w=
-86,15,i0vaFzHpbbb4yVPlm3CytHEjDiI=,slRmxM617GsBrvG9cSwI6FSVWC8=
-88,9,i0vaFzHpbbb4yVPlm3CytHEjDiI=,slRmxM617GsBrvG9cSwI6FSVWC8=
-87,15,i0vaFzHpbbb4yVPlm3CytHEjDiI=,slRmxM617GsBrvG9cSwI6FSVWC8=
-90,0,i0vaFzHpbbb4yVPlm3CytHEjDiI=,Y93Ty6Z4jq05ErR8CXuZCQJPD3w=
-88,7,i0vaFzHpbbb4yVPlm3CytHEjDiI=,Y93Ty6Z4jq05ErR8CXuZCQJPD3w=
-96,4,i0vaFzHpbbb4yVPlm3CytHEjDiI=,Y93Ty6Z4jq05ErR8CXuZCQJPD3w=
-88,15,i0vaFzHpbbb4yVPlm3CytHEjDiI=,slRmxM617GsBrvG9cSwI6FSVWC8=
-88,11,i0vaFzHpbbb4yVPlm3CytHEjDiI=,slRmxM617GsBrvG9cSwI6FSVWC8=
-96,5,i0vaFzHpbbb4yVPlm3CytHEjDiI=,Y93Ty6Z4jq05ErR8CXuZCQJPD3w=
-91,0,i0vaFzHpbbb4yVPlm3CytHEjDiI=,Y93Ty6Z4jq05ErR8CXuZCQJPD3w=
-88,14,i0vaFzHpbbb4yVPlm3CytHEjDiI=,slRmxM617GsBrvG9cSwI6FSVWC8=
-96,6,i0vaFzHpbbb4yVPlm3CytHEjDiI=,Y93Ty6Z4jq05ErR8CXuZCQJPD3w=
-88,10,i0vaFzHpbbb4yVPlm3CytHEjDiI=,slRmxM617GsBrvG9cSwI6FSVWC8=
-88,13,i0vaFzHpbbb4yVPlm3CytHEjDiI=,slRmxM617GsBrvG9cSwI6FSVWC8=
-93,4,i0vaFzHpbbb4yVPlm3CytHEjDiI=,Y93Ty6Z4jq05ErR8CXuZCQJPD3w=
-96,15,i0vaFzHpbbb4yVPlm3CytHEjDiI=,oGDJU9SLzDiJ5+nTgm1THwTUyw8=
-85,8,i0vaFzHpbbb4yVPlm3CytHEjDiI=,slRmxM617GsBrvG9cSwI6FSVWC8=
-89,6,i0vaFzHpbbb4yVPlm3CytHEjDiI=,Y93Ty6Z4jq05ErR8CXuZCQJPD3w=
-87,11,i0vaFzHpbbb4yVPlm3CytHEjDiI=,slRmxM617GsBrvG9cSwI6FSVWC8=
-88,12,i0vaFzHpbbb4yVPlm3CytHEjDiI=,slRmxM617GsBrvG9cSwI6FSVWC8=
-86,8,i0vaFzHpbbb4yVPlm3CytHEjDiI=,slRmxM617GsBrvG9cSwI6FSVWC8=
-90,6,i0vaFzHpbbb4yVPlm3CytHEjDiI=,Y93Ty6Z4jq05ErR8CXuZCQJPD3w=
-87,12,i0vaFzHpbbb4yVPlm3CytHEjDiI=,slRmxM617GsBrvG9cSwI6FSVWC8=
-92,0,i0vaFzHpbbb4yVPlm3CytHEjDiI=,Y93Ty6Z4jq05ErR8CXuZCQJPD3w=
-85,14,i0vaFzHpbbb4yVPlm3CytHEjDiI=,slRmxM617GsBrvG9cSwI6FSVWC8=
-95,4,i0vaFzHpbbb4yVPlm3CytHEjDiI=,Y93Ty6Z4jq05ErR8CXuZCQJPD3w=
-87,8,i0vaFzHpbbb4yVPlm3CytHEjDiI=,slRmxM617GsBrvG9cSwI6FSVWC8=
-88,6,i0vaFzHpbbb4yVPlm3CytHEjDiI=,Y93Ty6Z4jq05ErR8CXuZCQJPD3w=
-85,9,i0vaFzHpbbb4yVPlm3CytHEjDiI=,slRmxM617GsBrvG9cSwI6FSVWC8=
-86,14,i0vaFzHpbbb4yVPlm3CytHEjDiI=,slRmxM617GsBrvG9cSwI6FSVWC8=
-88,0,i0vaFzHpbbb4yVPlm3CytHEjDiI=,Y93Ty6Z4jq05ErR8CXuZCQJPD3w=
-95,15,i0vaFzHpbbb4yVPlm3CytHEjDiI=,oGDJU9SLzDiJ5+nTgm1THwTUyw8=
-87,14,i0vaFzHpbbb4yVPlm3CytHEjDiI=,slRmxM617GsBrvG9cSwI6FSVWC8=
-86,9,i0vaFzHpbbb4yVPlm3CytHEjDiI=,slRmxM617GsBrvG9cSwI6FSVWC8=
-91,5,i0vaFzHpbbb4yVPlm3CytHEjDiI=,Y93Ty6Z4jq05ErR8CXuZCQJPD3w=
-81,7,i0vaFzHpbbb4yVPlm3CytHEjDiI=,Y93Ty6Z4jq05ErR8CXuZCQJPD3w=
-86,13,i0vaFzHpbbb4yVPlm3CytHEjDiI=,slRmxM617GsBrvG9cSwI6FSVWC8=
-81,15,i0vaFzHpbbb4yVPlm3CytHEjDiI=,slRmxM617GsBrvG9cSwI6FSVWC8=
-87,13,i0vaFzHpbbb4yVPlm3CytHEjDiI=,slRmxM617GsBrvG9cSwI6FSVWC8=
-85,12,i0vaFzHpbbb4yVPlm3CytHEjDiI=,slRmxM617GsBrvG9cSwI6FSVWC8=
-94,15,i0vaFzHpbbb4yVPlm3CytHEjDiI=,oGDJU9SLzDiJ5+nTgm1THwTUyw8=
-86,12,i0vaFzHpbbb4yVPlm3CytHEjDiI=,slRmxM617GsBrvG9cSwI6FSVWC8=
-93,15,i0vaFzHpbbb4yVPlm3CytHEjDiI=,oGDJU9SLzDiJ5+nTgm1THwTUyw8=
-85,13,i0vaFzHpbbb4yVPlm3CytHEjDiI=,slRmxM617GsBrvG9cSwI6FSVWC8=
-86,11,i0vaFzHpbbb4yVPlm3CytHEjDiI=,slRmxM617GsBrvG9cSwI6FSVWC8=
-92,15,i0vaFzHpbbb4yVPlm3CytHEjDiI=,oGDJU9SLzDiJ5+nTgm1THwTUyw8=
-93,7,i0vaFzHpbbb4yVPlm3CytHEjDiI=,Y93Ty6Z4jq05ErR8CXuZCQJPD3w=
-91,6,i0vaFzHpbbb4yVPlm3CytHEjDiI=,Y93Ty6Z4jq05ErR8CXuZCQJPD3w=
-81,14,i0vaFzHpbbb4yVPlm3CytHEjDiI=,slRmxM617GsBrvG9cSwI6FSVWC8=
-96,0,i0vaFzHpbbb4yVPlm3CytHEjDiI=,Y93Ty6Z4jq05ErR8CXuZCQJPD3w=
-89,14,i0vaFzHpbbb4yVPlm3CytHEjDiI=,oGDJU9SLzDiJ5+nTgm1THwTUyw8=
-84,9,i0vaFzHpbbb4yVPlm3CytHEjDiI=,slRmxM617GsBrvG9cSwI6FSVWC8=
-89,15,i0vaFzHpbbb4yVPlm3CytHEjDiI=,oGDJU9SLzDiJ5+nTgm1THwTUyw8=
-90,14,i0vaFzHpbbb4yVPlm3CytHEjDiI=,oGDJU9SLzDiJ5+nTgm1THwTUyw8=
-96,3,i0vaFzHpbbb4yVPlm3CytHEjDiI=,Y93Ty6Z4jq05ErR8CXuZCQJPD3w=
-81,13,i0vaFzHpbbb4yVPlm3CytHEjDiI=,slRmxM617GsBrvG9cSwI6FSVWC8=
-96,9,i0vaFzHpbbb4yVPlm3CytHEjDiI=,oGDJU9SLzDiJ5+nTgm1THwTUyw8=
-93,0,i0vaFzHpbbb4yVPlm3CytHEjDiI=,Y93Ty6Z4jq05ErR8CXuZCQJPD3w=
-81,0,i0vaFzHpbbb4yVPlm3CytHEjDiI=,Y93Ty6Z4jq05ErR8CXuZCQJPD3w=
-85,11,i0vaFzHpbbb4yVPlm3CytHEjDiI=,slRmxM617GsBrvG9cSwI6FSVWC8=
-94,9,i0vaFzHpbbb4yVPlm3CytHEjDiI=,oGDJU9SLzDiJ5+nTgm1THwTUyw8=
-81,5,i0vaFzHpbbb4yVPlm3CytHEjDiI=,Y93Ty6Z4jq05ErR8CXuZCQJPD3w=
-83,9,i0vaFzHpbbb4yVPlm3CytHEjDiI=,slRmxM617GsBrvG9cSwI6FSVWC8=
-94,3,i0vaFzHpbbb4yVPlm3CytHEjDiI=,Y93Ty6Z4jq05ErR8CXuZCQJPD3w=
-93,9,i0vaFzHpbbb4yVPlm3CytHEjDiI=,oGDJU9SLzDiJ5+nTgm1THwTUyw8=
-95,1,i0vaFzHpbbb4yVPlm3CytHEjDiI=,Y93Ty6Z4jq05ErR8CXuZCQJPD3w=
-82,9,i0vaFzHpbbb4yVPlm3CytHEjDiI=,slRmxM617GsBrvG9cSwI6FSVWC8=
-91,14,i0vaFzHpbbb4yVPlm3CytHEjDiI=,oGDJU9SLzDiJ5+nTgm1THwTUyw8=
-81,12,i0vaFzHpbbb4yVPlm3CytHEjDiI=,slRmxM617GsBrvG9cSwI6FSVWC8=
-92,9,i0vaFzHpbbb4yVPlm3CytHEjDiI=,oGDJU9SLzDiJ5+nTgm1THwTUyw8=
-96,1,i0vaFzHpbbb4yVPlm3CytHEjDiI=,Y93Ty6Z4jq05ErR8CXuZCQJPD3w=
-94,0,i0vaFzHpbbb4yVPlm3CytHEjDiI=,Y93Ty6Z4jq05ErR8CXuZCQJPD3w=
-93,3,i0vaFzHpbbb4yVPlm3CytHEjDiI=,Y93Ty6Z4jq05ErR8CXuZCQJPD3w=
-95,9,i0vaFzHpbbb4yVPlm3CytHEjDiI=,oGDJU9SLzDiJ5+nTgm1THwTUyw8=
-96,2,i0vaFzHpbbb4yVPlm3CytHEjDiI=,Y93Ty6Z4jq05ErR8CXuZCQJPD3w=
-81,11,i0vaFzHpbbb4yVPlm3CytHEjDiI=,slRmxM617GsBrvG9cSwI6FSVWC8=
-95,3,i0vaFzHpbbb4yVPlm3CytHEjDiI=,Y93Ty6Z4jq05ErR8CXuZCQJPD3w=
-94,1,i0vaFzHpbbb4yVPlm3CytHEjDiI=,Y93Ty6Z4jq05ErR8CXuZCQJPD3w=
-93,2,i0vaFzHpbbb4yVPlm3CytHEjDiI=,Y93Ty6Z4jq05ErR8CXuZCQJPD3w=
-91,15,i0vaFzHpbbb4yVPlm3CytHEjDiI=,oGDJU9SLzDiJ5+nTgm1THwTUyw8=
-88,5,i0vaFzHpbbb4yVPlm3CytHEjDiI=,Y93Ty6Z4jq05ErR8CXuZCQJPD3w=
-94,2,i0vaFzHpbbb4yVPlm3CytHEjDiI=,Y93Ty6Z4jq05ErR8CXuZCQJPD3w=
-95,2,i0vaFzHpbbb4yVPlm3CytHEjDiI=,Y93Ty6Z4jq05ErR8CXuZCQJPD3w=
-87,9,i0vaFzHpbbb4yVPlm3CytHEjDiI=,slRmxM617GsBrvG9cSwI6FSVWC8=
-81,10,i0vaFzHpbbb4yVPlm3CytHEjDiI=,slRmxM617GsBrvG9cSwI6FSVWC8=
-93,1,i0vaFzHpbbb4yVPlm3CytHEjDiI=,Y93Ty6Z4jq05ErR8CXuZCQJPD3w=
-90,15,i0vaFzHpbbb4yVPlm3CytHEjDiI=,oGDJU9SLzDiJ5+nTgm1THwTUyw8=
-95,14,i0vaFzHpbbb4yVPlm3CytHEjDiI=,oGDJU9SLzDiJ5+nTgm1THwTUyw8=
-92,8,i0vaFzHpbbb4yVPlm3CytHEjDiI=,oGDJU9SLzDiJ5+nTgm1THwTUyw8=
-91,8,i0vaFzHpbbb4yVPlm3CytHEjDiI=,oGDJU9SLzDiJ5+nTgm1THwTUyw8=
-90,8,i0vaFzHpbbb4yVPlm3CytHEjDiI=,oGDJU9SLzDiJ5+nTgm1THwTUyw8=
-89,8,i0vaFzHpbbb4yVPlm3CytHEjDiI=,oGDJU9SLzDiJ5+nTgm1THwTUyw8=
-81,9,i0vaFzHpbbb4yVPlm3CytHEjDiI=,slRmxM617GsBrvG9cSwI6FSVWC8=
-89,13,i0vaFzHpbbb4yVPlm3CytHEjDiI=,oGDJU9SLzDiJ5+nTgm1THwTUyw8=
-94,8,i0vaFzHpbbb4yVPlm3CytHEjDiI=,oGDJU9SLzDiJ5+nTgm1THwTUyw8=
-90,13,i0vaFzHpbbb4yVPlm3CytHEjDiI=,oGDJU9SLzDiJ5+nTgm1THwTUyw8=
-82,5,i0vaFzHpbbb4yVPlm3CytHEjDiI=,Y93Ty6Z4jq05ErR8CXuZCQJPD3w=
-91,13,i0vaFzHpbbb4yVPlm3CytHEjDiI=,oGDJU9SLzDiJ5+nTgm1THwTUyw8=
-96,13,i0vaFzHpbbb4yVPlm3CytHEjDiI=,oGDJU9SLzDiJ5+nTgm1THwTUyw8=
-92,6,i0vaFzHpbbb4yVPlm3CytHEjDiI=,Y93Ty6Z4jq05ErR8CXuZCQJPD3w=
-82,0,i0vaFzHpbbb4yVPlm3CytHEjDiI=,Y93Ty6Z4jq05ErR8CXuZCQJPD3w=
-92,13,i0vaFzHpbbb4yVPlm3CytHEjDiI=,oGDJU9SLzDiJ5+nTgm1THwTUyw8=
-94,13,i0vaFzHpbbb4yVPlm3CytHEjDiI=,oGDJU9SLzDiJ5+nTgm1THwTUyw8=
-95,13,i0vaFzHpbbb4yVPlm3CytHEjDiI=,oGDJU9SLzDiJ5+nTgm1THwTUyw8=
-82,15,i0vaFzHpbbb4yVPlm3CytHEjDiI=,slRmxM617GsBrvG9cSwI6FSVWC8=
-93,13,i0vaFzHpbbb4yVPlm3CytHEjDiI=,oGDJU9SLzDiJ5+nTgm1THwTUyw8=
-89,12,i0vaFzHpbbb4yVPlm3CytHEjDiI=,oGDJU9SLzDiJ5+nTgm1THwTUyw8=
-90,12,i0vaFzHpbbb4yVPlm3CytHEjDiI=,oGDJU9SLzDiJ5+nTgm1THwTUyw8=
-93,12,i0vaFzHpbbb4yVPlm3CytHEjDiI=,oGDJU9SLzDiJ5+nTgm1THwTUyw8=
-92,12,i0vaFzHpbbb4yVPlm3CytHEjDiI=,oGDJU9SLzDiJ5+nTgm1THwTUyw8=
-96,12,i0vaFzHpbbb4yVPlm3CytHEjDiI=,oGDJU9SLzDiJ5+nTgm1THwTUyw8=
-94,12,i0vaFzHpbbb4yVPlm3CytHEjDiI=,oGDJU9SLzDiJ5+nTgm1THwTUyw8=
-83,15,i0vaFzHpbbb4yVPlm3CytHEjDiI=,slRmxM617GsBrvG9cSwI6FSVWC8=
-91,12,i0vaFzHpbbb4yVPlm3CytHEjDiI=,oGDJU9SLzDiJ5+nTgm1THwTUyw8=
-95,12,i0vaFzHpbbb4yVPlm3CytHEjDiI=,oGDJU9SLzDiJ5+nTgm1THwTUyw8=
-83,5,i0vaFzHpbbb4yVPlm3CytHEjDiI=,Y93Ty6Z4jq05ErR8CXuZCQJPD3w=
-89,11,i0vaFzHpbbb4yVPlm3CytHEjDiI=,oGDJU9SLzDiJ5+nTgm1THwTUyw8=
-94,4,i0vaFzHpbbb4yVPlm3CytHEjDiI=,Y93Ty6Z4jq05ErR8CXuZCQJPD3w=
-95,8,i0vaFzHpbbb4yVPlm3CytHEjDiI=,oGDJU9SLzDiJ5+nTgm1THwTUyw8=
-84,15,i0vaFzHpbbb4yVPlm3CytHEjDiI=,slRmxM617GsBrvG9cSwI6FSVWC8=
-92,11,i0vaFzHpbbb4yVPlm3CytHEjDiI=,oGDJU9SLzDiJ5+nTgm1THwTUyw8=
-90,11,i0vaFzHpbbb4yVPlm3CytHEjDiI=,oGDJU9SLzDiJ5+nTgm1THwTUyw8=
-93,11,i0vaFzHpbbb4yVPlm3CytHEjDiI=,oGDJU9SLzDiJ5+nTgm1THwTUyw8=
-83,0,i0vaFzHpbbb4yVPlm3CytHEjDiI=,Y93Ty6Z4jq05ErR8CXuZCQJPD3w=
-91,11,i0vaFzHpbbb4yVPlm3CytHEjDiI=,oGDJU9SLzDiJ5+nTgm1THwTUyw8=
-93,6,i0vaFzHpbbb4yVPlm3CytHEjDiI=,Y93Ty6Z4jq05ErR8CXuZCQJPD3w=
-94,11,i0vaFzHpbbb4yVPlm3CytHEjDiI=,oGDJU9SLzDiJ5+nTgm1THwTUyw8=
-96,11,i0vaFzHpbbb4yVPlm3CytHEjDiI=,oGDJU9SLzDiJ5+nTgm1THwTUyw8=
-84,5,i0vaFzHpbbb4yVPlm3CytHEjDiI=,Y93Ty6Z4jq05ErR8CXuZCQJPD3w=
-95,11,i0vaFzHpbbb4yVPlm3CytHEjDiI=,oGDJU9SLzDiJ5+nTgm1THwTUyw8=
-89,10,i0vaFzHpbbb4yVPlm3CytHEjDiI=,oGDJU9SLzDiJ5+nTgm1THwTUyw8=
-91,9,i0vaFzHpbbb4yVPlm3CytHEjDiI=,oGDJU9SLzDiJ5+nTgm1THwTUyw8=
-94,6,i0vaFzHpbbb4yVPlm3CytHEjDiI=,Y93Ty6Z4jq05ErR8CXuZCQJPD3w=
-90,10,i0vaFzHpbbb4yVPlm3CytHEjDiI=,oGDJU9SLzDiJ5+nTgm1THwTUyw8=
-82,8,i0vaFzHpbbb4yVPlm3CytHEjDiI=,slRmxM617GsBrvG9cSwI6FSVWC8=
-91,10,i0vaFzHpbbb4yVPlm3CytHEjDiI=,oGDJU9SLzDiJ5+nTgm1THwTUyw8=
-92,10,i0vaFzHpbbb4yVPlm3CytHEjDiI=,oGDJU9SLzDiJ5+nTgm1THwTUyw8=
-94,10,i0vaFzHpbbb4yVPlm3CytHEjDiI=,oGDJU9SLzDiJ5+nTgm1THwTUyw8=
-93,10,i0vaFzHpbbb4yVPlm3CytHEjDiI=,oGDJU9SLzDiJ5+nTgm1THwTUyw8=
-96,10,i0vaFzHpbbb4yVPlm3CytHEjDiI=,oGDJU9SLzDiJ5+nTgm1THwTUyw8=
-95,10,i0vaFzHpbbb4yVPlm3CytHEjDiI=,oGDJU9SLzDiJ5+nTgm1THwTUyw8=
-89,9,i0vaFzHpbbb4yVPlm3CytHEjDiI=,oGDJU9SLzDiJ5+nTgm1THwTUyw8=
-81,8,i0vaFzHpbbb4yVPlm3CytHEjDiI=,slRmxM617GsBrvG9cSwI6FSVWC8=
-92,14,i0vaFzHpbbb4yVPlm3CytHEjDiI=,oGDJU9SLzDiJ5+nTgm1THwTUyw8=
-90,9,i0vaFzHpbbb4yVPlm3CytHEjDiI=,oGDJU9SLzDiJ5+nTgm1THwTUyw8=
-84,10,i0vaFzHpbbb4yVPlm3CytHEjDiI=,slRmxM617GsBrvG9cSwI6FSVWC8=
-83,8,i0vaFzHpbbb4yVPlm3CytHEjDiI=,slRmxM617GsBrvG9cSwI6FSVWC8=
-85,0,i0vaFzHpbbb4yVPlm3CytHEjDiI=,Y93Ty6Z4jq05ErR8CXuZCQJPD3w=
-93,14,i0vaFzHpbbb4yVPlm3CytHEjDiI=,oGDJU9SLzDiJ5+nTgm1THwTUyw8=
-84,6,i0vaFzHpbbb4yVPlm3CytHEjDiI=,Y93Ty6Z4jq05ErR8CXuZCQJPD3w=
-93,8,i0vaFzHpbbb4yVPlm3CytHEjDiI=,oGDJU9SLzDiJ5+nTgm1THwTUyw8=
-84,1,i0vaFzHpbbb4yVPlm3CytHEjDiI=,Y93Ty6Z4jq05ErR8CXuZCQJPD3w=
-83,1,i0vaFzHpbbb4yVPlm3CytHEjDiI=,Y93Ty6Z4jq05ErR8CXuZCQJPD3w=
-86,0,i0vaFzHpbbb4yVPlm3CytHEjDiI=,Y93Ty6Z4jq05ErR8CXuZCQJPD3w=
-84,8,i0vaFzHpbbb4yVPlm3CytHEjDiI=,slRmxM617GsBrvG9cSwI6FSVWC8=
-94,14,i0vaFzHpbbb4yVPlm3CytHEjDiI=,oGDJU9SLzDiJ5+nTgm1THwTUyw8=
-82,1,i0vaFzHpbbb4yVPlm3CytHEjDiI=,Y93Ty6Z4jq05ErR8CXuZCQJPD3w=
-82,14,i0vaFzHpbbb4yVPlm3CytHEjDiI=,slRmxM617GsBrvG9cSwI6FSVWC8=
-81,1,i0vaFzHpbbb4yVPlm3CytHEjDiI=,Y93Ty6Z4jq05ErR8CXuZCQJPD3w=
-83,6,i0vaFzHpbbb4yVPlm3CytHEjDiI=,Y93Ty6Z4jq05ErR8CXuZCQJPD3w=
-87,7,i0vaFzHpbbb4yVPlm3CytHEjDiI=,Y93Ty6Z4jq05ErR8CXuZCQJPD3w=
-87,0,i0vaFzHpbbb4yVPlm3CytHEjDiI=,Y93Ty6Z4jq05ErR8CXuZCQJPD3w=
-95,0,i0vaFzHpbbb4yVPlm3CytHEjDiI=,Y93Ty6Z4jq05ErR8CXuZCQJPD3w=
-86,7,i0vaFzHpbbb4yVPlm3CytHEjDiI=,Y93Ty6Z4jq05ErR8CXuZCQJPD3w=
-83,14,i0vaFzHpbbb4yVPlm3CytHEjDiI=,slRmxM617GsBrvG9cSwI6FSVWC8=
-82,10,i0vaFzHpbbb4yVPlm3CytHEjDiI=,slRmxM617GsBrvG9cSwI6FSVWC8=
-83,10,i0vaFzHpbbb4yVPlm3CytHEjDiI=,slRmxM617GsBrvG9cSwI6FSVWC8=
-85,7,i0vaFzHpbbb4yVPlm3CytHEjDiI=,Y93Ty6Z4jq05ErR8CXuZCQJPD3w=
-96,8,i0vaFzHpbbb4yVPlm3CytHEjDiI=,oGDJU9SLzDiJ5+nTgm1THwTUyw8=
-87,4,i0vaFzHpbbb4yVPlm3CytHEjDiI=,Y93Ty6Z4jq05ErR8CXuZCQJPD3w=
-92,5,i0vaFzHpbbb4yVPlm3CytHEjDiI=,Y93Ty6Z4jq05ErR8CXuZCQJPD3w=
-81,4,i0vaFzHpbbb4yVPlm3CytHEjDiI=,Y93Ty6Z4jq05ErR8CXuZCQJPD3w=
-84,14,i0vaFzHpbbb4yVPlm3CytHEjDiI=,slRmxM617GsBrvG9cSwI6FSVWC8=
-84,11,i0vaFzHpbbb4yVPlm3CytHEjDiI=,slRmxM617GsBrvG9cSwI6FSVWC8=
-86,1,i0vaFzHpbbb4yVPlm3CytHEjDiI=,Y93Ty6Z4jq05ErR8CXuZCQJPD3w=
-84,2,i0vaFzHpbbb4yVPlm3CytHEjDiI=,Y93Ty6Z4jq05ErR8CXuZCQJPD3w=
-87,1,i0vaFzHpbbb4yVPlm3CytHEjDiI=,Y93Ty6Z4jq05ErR8CXuZCQJPD3w=
-95,6,i0vaFzHpbbb4yVPlm3CytHEjDiI=,Y93Ty6Z4jq05ErR8CXuZCQJPD3w=
-86,4,i0vaFzHpbbb4yVPlm3CytHEjDiI=,Y93Ty6Z4jq05ErR8CXuZCQJPD3w=
-85,4,i0vaFzHpbbb4yVPlm3CytHEjDiI=,Y93Ty6Z4jq05ErR8CXuZCQJPD3w=
-93,5,i0vaFzHpbbb4yVPlm3CytHEjDiI=,Y93Ty6Z4jq05ErR8CXuZCQJPD3w=
-82,13,i0vaFzHpbbb4yVPlm3CytHEjDiI=,slRmxM617GsBrvG9cSwI6FSVWC8=
-82,6,i0vaFzHpbbb4yVPlm3CytHEjDiI=,Y93Ty6Z4jq05ErR8CXuZCQJPD3w=
-84,0,i0vaFzHpbbb4yVPlm3CytHEjDiI=,Y93Ty6Z4jq05ErR8CXuZCQJPD3w=
-87,5,i0vaFzHpbbb4yVPlm3CytHEjDiI=,Y93Ty6Z4jq05ErR8CXuZCQJPD3w=
-82,4,i0vaFzHpbbb4yVPlm3CytHEjDiI=,Y93Ty6Z4jq05ErR8CXuZCQJPD3w=
-82,2,i0vaFzHpbbb4yVPlm3CytHEjDiI=,Y93Ty6Z4jq05ErR8CXuZCQJPD3w=
-94,5,i0vaFzHpbbb4yVPlm3CytHEjDiI=,Y93Ty6Z4jq05ErR8CXuZCQJPD3w=
-86,5,i0vaFzHpbbb4yVPlm3CytHEjDiI=,Y93Ty6Z4jq05ErR8CXuZCQJPD3w=
-83,2,i0vaFzHpbbb4yVPlm3CytHEjDiI=,Y93Ty6Z4jq05ErR8CXuZCQJPD3w=
-85,1,i0vaFzHpbbb4yVPlm3CytHEjDiI=,Y93Ty6Z4jq05ErR8CXuZCQJPD3w=
-85,5,i0vaFzHpbbb4yVPlm3CytHEjDiI=,Y93Ty6Z4jq05ErR8CXuZCQJPD3w=
-83,13,i0vaFzHpbbb4yVPlm3CytHEjDiI=,slRmxM617GsBrvG9cSwI6FSVWC8=
-87,6,i0vaFzHpbbb4yVPlm3CytHEjDiI=,Y93Ty6Z4jq05ErR8CXuZCQJPD3w=
-86,6,i0vaFzHpbbb4yVPlm3CytHEjDiI=,Y93Ty6Z4jq05ErR8CXuZCQJPD3w=
-85,6,i0vaFzHpbbb4yVPlm3CytHEjDiI=,Y93Ty6Z4jq05ErR8CXuZCQJPD3w=
-83,11,i0vaFzHpbbb4yVPlm3CytHEjDiI=,slRmxM617GsBrvG9cSwI6FSVWC8=
-88,4,i0vaFzHpbbb4yVPlm3CytHEjDiI=,Y93Ty6Z4jq05ErR8CXuZCQJPD3w=
-92,4,i0vaFzHpbbb4yVPlm3CytHEjDiI=,Y93Ty6Z4jq05ErR8CXuZCQJPD3w=
-83,4,i0vaFzHpbbb4yVPlm3CytHEjDiI=,Y93Ty6Z4jq05ErR8CXuZCQJPD3w=
-84,13,i0vaFzHpbbb4yVPlm3CytHEjDiI=,slRmxM617GsBrvG9cSwI6FSVWC8=
-95,5,i0vaFzHpbbb4yVPlm3CytHEjDiI=,Y93Ty6Z4jq05ErR8CXuZCQJPD3w=
-84,12,i0vaFzHpbbb4yVPlm3CytHEjDiI=,slRmxM617GsBrvG9cSwI6FSVWC8=
-81,2,i0vaFzHpbbb4yVPlm3CytHEjDiI=,Y93Ty6Z4jq05ErR8CXuZCQJPD3w=
-82,11,i0vaFzHpbbb4yVPlm3CytHEjDiI=,slRmxM617GsBrvG9cSwI6FSVWC8=
-91,4,i0vaFzHpbbb4yVPlm3CytHEjDiI=,Y93Ty6Z4jq05ErR8CXuZCQJPD3w=
-90,5,i0vaFzHpbbb4yVPlm3CytHEjDiI=,Y93Ty6Z4jq05ErR8CXuZCQJPD3w=
-89,5,i0vaFzHpbbb4yVPlm3CytHEjDiI=,Y93Ty6Z4jq05ErR8CXuZCQJPD3w=
-82,12,i0vaFzHpbbb4yVPlm3CytHEjDiI=,slRmxM617GsBrvG9cSwI6FSVWC8=
-87,2,i0vaFzHpbbb4yVPlm3CytHEjDiI=,Y93Ty6Z4jq05ErR8CXuZCQJPD3w=
-90,4,i0vaFzHpbbb4yVPlm3CytHEjDiI=,Y93Ty6Z4jq05ErR8CXuZCQJPD3w=
-89,4,i0vaFzHpbbb4yVPlm3CytHEjDiI=,Y93Ty6Z4jq05ErR8CXuZCQJPD3w=
-84,4,i0vaFzHpbbb4yVPlm3CytHEjDiI=,Y93Ty6Z4jq05ErR8CXuZCQJPD3w=
-83,7,i0vaFzHpbbb4yVPlm3CytHEjDiI=,Y93Ty6Z4jq05ErR8CXuZCQJPD3w=
-81,6,i0vaFzHpbbb4yVPlm3CytHEjDiI=,Y93Ty6Z4jq05ErR8CXuZCQJPD3w=
-83,12,i0vaFzHpbbb4yVPlm3CytHEjDiI=,slRmxM617GsBrvG9cSwI6FSVWC8=
-82,7,i0vaFzHpbbb4yVPlm3CytHEjDiI=,Y93Ty6Z4jq05ErR8CXuZCQJPD3w=
-87,3,i0vaFzHpbbb4yVPlm3CytHEjDiI=,Y93Ty6Z4jq05ErR8CXuZCQJPD3w=
-88,1,i0vaFzHpbbb4yVPlm3CytHEjDiI=,Y93Ty6Z4jq05ErR8CXuZCQJPD3w=
-83,3,i0vaFzHpbbb4yVPlm3CytHEjDiI=,Y93Ty6Z4jq05ErR8CXuZCQJPD3w=
-89,1,i0vaFzHpbbb4yVPlm3CytHEjDiI=,Y93Ty6Z4jq05ErR8CXuZCQJPD3w=
-88,2,i0vaFzHpbbb4yVPlm3CytHEjDiI=,Y93Ty6Z4jq05ErR8CXuZCQJPD3w=
-88,3,i0vaFzHpbbb4yVPlm3CytHEjDiI=,Y93Ty6Z4jq05ErR8CXuZCQJPD3w=
-85,3,i0vaFzHpbbb4yVPlm3CytHEjDiI=,Y93Ty6Z4jq05ErR8CXuZCQJPD3w=
-86,2,i0vaFzHpbbb4yVPlm3CytHEjDiI=,Y93Ty6Z4jq05ErR8CXuZCQJPD3w=
-92,2,i0vaFzHpbbb4yVPlm3CytHEjDiI=,Y93Ty6Z4jq05ErR8CXuZCQJPD3w=
-91,1,i0vaFzHpbbb4yVPlm3CytHEjDiI=,Y93Ty6Z4jq05ErR8CXuZCQJPD3w=
-92,3,i0vaFzHpbbb4yVPlm3CytHEjDiI=,Y93Ty6Z4jq05ErR8CXuZCQJPD3w=
-91,2,Mwrd3hHOtO8uIg69IAH7erqihjI=,Y93Ty6Z4jq05ErR8CXuZCQJPD3w=
-82,3,Mwrd3hHOtO8uIg69IAH7erqihjI=,Y93Ty6Z4jq05ErR8CXuZCQJPD3w=
-85,2,Mwrd3hHOtO8uIg69IAH7erqihjI=,Y93Ty6Z4jq05ErR8CXuZCQJPD3w=
-84,7,Mwrd3hHOtO8uIg69IAH7erqihjI=,Y93Ty6Z4jq05ErR8CXuZCQJPD3w=
-90,2,Mwrd3hHOtO8uIg69IAH7erqihjI=,Y93Ty6Z4jq05ErR8CXuZCQJPD3w=
-92,1,Mwrd3hHOtO8uIg69IAH7erqihjI=,Y93Ty6Z4jq05ErR8CXuZCQJPD3w=
-86,3,Mwrd3hHOtO8uIg69IAH7erqihjI=,Y93Ty6Z4jq05ErR8CXuZCQJPD3w=
-91,3,Mwrd3hHOtO8uIg69IAH7erqihjI=,Y93Ty6Z4jq05ErR8CXuZCQJPD3w=
-89,2,Mwrd3hHOtO8uIg69IAH7erqihjI=,Y93Ty6Z4jq05ErR8CXuZCQJPD3w=
-90,3,Mwrd3hHOtO8uIg69IAH7erqihjI=,Y93Ty6Z4jq05ErR8CXuZCQJPD3w=
-84,3,Mwrd3hHOtO8uIg69IAH7erqihjI=,Y93Ty6Z4jq05ErR8CXuZCQJPD3w=
-90,1,Mwrd3hHOtO8uIg69IAH7erqihjI=,Y93Ty6Z4jq05ErR8CXuZCQJPD3w=
-89,3,Mwrd3hHOtO8uIg69IAH7erqihjI=,Y93Ty6Z4jq05ErR8CXuZCQJPD3w=
-81,3,Mwrd3hHOtO8uIg69IAH7erqihjI=,Y93Ty6Z4jq05ErR8CXuZCQJPD3w=
-81,23,0/B50u1pD81Y8yvRUG/CZOgKXko=,uCZtDxA6HPUQsyLYGitGqYFF3I4=
-81,17,0/B50u1pD81Y8yvRUG/CZOgKXko=,uCZtDxA6HPUQsyLYGitGqYFF3I4=
-82,23,0/B50u1pD81Y8yvRUG/CZOgKXko=,uCZtDxA6HPUQsyLYGitGqYFF3I4=
-85,17,0/B50u1pD81Y8yvRUG/CZOgKXko=,uCZtDxA6HPUQsyLYGitGqYFF3I4=
-88,16,0/B50u1pD81Y8yvRUG/CZOgKXko=,uCZtDxA6HPUQsyLYGitGqYFF3I4=
-86,17,0/B50u1pD81Y8yvRUG/CZOgKXko=,uCZtDxA6HPUQsyLYGitGqYFF3I4=
-83,23,0/B50u1pD81Y8yvRUG/CZOgKXko=,uCZtDxA6HPUQsyLYGitGqYFF3I4=
-87,17,0/B50u1pD81Y8yvRUG/CZOgKXko=,uCZtDxA6HPUQsyLYGitGqYFF3I4=
-84,18,0/B50u1pD81Y8yvRUG/CZOgKXko=,uCZtDxA6HPUQsyLYGitGqYFF3I4=
-83,18,0/B50u1pD81Y8yvRUG/CZOgKXko=,uCZtDxA6HPUQsyLYGitGqYFF3I4=
-88,31,0/B50u1pD81Y8yvRUG/CZOgKXko=,+x0/155HeowP3xASevybT6aoEGg=
-88,17,0/B50u1pD81Y8yvRUG/CZOgKXko=,uCZtDxA6HPUQsyLYGitGqYFF3I4=
-82,28,0/B50u1pD81Y8yvRUG/CZOgKXko=,+x0/155HeowP3xASevybT6aoEGg=
-82,18,0/B50u1pD81Y8yvRUG/CZOgKXko=,uCZtDxA6HPUQsyLYGitGqYFF3I4=
-88,18,0/B50u1pD81Y8yvRUG/CZOgKXko=,uCZtDxA6HPUQsyLYGitGqYFF3I4=
-88,29,0/B50u1pD81Y8yvRUG/CZOgKXko=,+x0/155HeowP3xASevybT6aoEGg=
-84,19,0/B50u1pD81Y8yvRUG/CZOgKXko=,uCZtDxA6HPUQsyLYGitGqYFF3I4=
-83,19,0/B50u1pD81Y8yvRUG/CZOgKXko=,uCZtDxA6HPUQsyLYGitGqYFF3I4=
-81,18,0/B50u1pD81Y8yvRUG/CZOgKXko=,uCZtDxA6HPUQsyLYGitGqYFF3I4=
-81,24,0/B50u1pD81Y8yvRUG/CZOgKXko=,+x0/155HeowP3xASevybT6aoEGg=
-81,16,0/B50u1pD81Y8yvRUG/CZOgKXko=,uCZtDxA6HPUQsyLYGitGqYFF3I4=
-83,28,0/B50u1pD81Y8yvRUG/CZOgKXko=,+x0/155HeowP3xASevybT6aoEGg=
-87,18,0/B50u1pD81Y8yvRUG/CZOgKXko=,uCZtDxA6HPUQsyLYGitGqYFF3I4=
-85,16,0/B50u1pD81Y8yvRUG/CZOgKXko=,uCZtDxA6HPUQsyLYGitGqYFF3I4=
-82,17,0/B50u1pD81Y8yvRUG/CZOgKXko=,uCZtDxA6HPUQsyLYGitGqYFF3I4=
-86,16,0/B50u1pD81Y8yvRUG/CZOgKXko=,uCZtDxA6HPUQsyLYGitGqYFF3I4=
-82,19,0/B50u1pD81Y8yvRUG/CZOgKXko=,uCZtDxA6HPUQsyLYGitGqYFF3I4=
-87,16,0/B50u1pD81Y8yvRUG/CZOgKXko=,uCZtDxA6HPUQsyLYGitGqYFF3I4=
-81,25,0/B50u1pD81Y8yvRUG/CZOgKXko=,+x0/155HeowP3xASevybT6aoEGg=
-83,17,0/B50u1pD81Y8yvRUG/CZOgKXko=,uCZtDxA6HPUQsyLYGitGqYFF3I4=
-85,19,0/B50u1pD81Y8yvRUG/CZOgKXko=,uCZtDxA6HPUQsyLYGitGqYFF3I4=
-84,23,0/B50u1pD81Y8yvRUG/CZOgKXko=,uCZtDxA6HPUQsyLYGitGqYFF3I4=
-83,16,0/B50u1pD81Y8yvRUG/CZOgKXko=,uCZtDxA6HPUQsyLYGitGqYFF3I4=
-82,31,0/B50u1pD81Y8yvRUG/CZOgKXko=,+x0/155HeowP3xASevybT6aoEGg=
-84,24,0/B50u1pD81Y8yvRUG/CZOgKXko=,+x0/155HeowP3xASevybT6aoEGg=
-86,18,0/B50u1pD81Y8yvRUG/CZOgKXko=,uCZtDxA6HPUQsyLYGitGqYFF3I4=
-85,18,0/B50u1pD81Y8yvRUG/CZOgKXko=,uCZtDxA6HPUQsyLYGitGqYFF3I4=
-86,19,0/B50u1pD81Y8yvRUG/CZOgKXko=,uCZtDxA6HPUQsyLYGitGqYFF3I4=
-81,19,0/B50u1pD81Y8yvRUG/CZOgKXko=,uCZtDxA6HPUQsyLYGitGqYFF3I4=
-88,19,0/B50u1pD81Y8yvRUG/CZOgKXko=,uCZtDxA6HPUQsyLYGitGqYFF3I4=
-87,19,0/B50u1pD81Y8yvRUG/CZOgKXko=,uCZtDxA6HPUQsyLYGitGqYFF3I4=
-84,17,0/B50u1pD81Y8yvRUG/CZOgKXko=,uCZtDxA6HPUQsyLYGitGqYFF3I4=
-81,27,0/B50u1pD81Y8yvRUG/CZOgKXko=,+x0/155HeowP3xASevybT6aoEGg=
-83,31,0/B50u1pD81Y8yvRUG/CZOgKXko=,+x0/155HeowP3xASevybT6aoEGg=
-82,27,0/B50u1pD81Y8yvRUG/CZOgKXko=,+x0/155HeowP3xASevybT6aoEGg=
-88,20,0/B50u1pD81Y8yvRUG/CZOgKXko=,uCZtDxA6HPUQsyLYGitGqYFF3I4=
-85,23,0/B50u1pD81Y8yvRUG/CZOgKXko=,uCZtDxA6HPUQsyLYGitGqYFF3I4=
-88,28,0/B50u1pD81Y8yvRUG/CZOgKXko=,+x0/155HeowP3xASevybT6aoEGg=
-84,29,0/B50u1pD81Y8yvRUG/CZOgKXko=,+x0/155HeowP3xASevybT6aoEGg=
-82,16,0/B50u1pD81Y8yvRUG/CZOgKXko=,uCZtDxA6HPUQsyLYGitGqYFF3I4=
-86,23,0/B50u1pD81Y8yvRUG/CZOgKXko=,uCZtDxA6HPUQsyLYGitGqYFF3I4=
-85,20,0/B50u1pD81Y8yvRUG/CZOgKXko=,uCZtDxA6HPUQsyLYGitGqYFF3I4=
-87,20,0/B50u1pD81Y8yvRUG/CZOgKXko=,uCZtDxA6HPUQsyLYGitGqYFF3I4=
-84,31,0/B50u1pD81Y8yvRUG/CZOgKXko=,+x0/155HeowP3xASevybT6aoEGg=
-82,25,0/B50u1pD81Y8yvRUG/CZOgKXko=,+x0/155HeowP3xASevybT6aoEGg=
-81,28,0/B50u1pD81Y8yvRUG/CZOgKXko=,+x0/155HeowP3xASevybT6aoEGg=
-84,16,0/B50u1pD81Y8yvRUG/CZOgKXko=,uCZtDxA6HPUQsyLYGitGqYFF3I4=
-84,20,0/B50u1pD81Y8yvRUG/CZOgKXko=,uCZtDxA6HPUQsyLYGitGqYFF3I4=
-83,29,0/B50u1pD81Y8yvRUG/CZOgKXko=,+x0/155HeowP3xASevybT6aoEGg=
-86,20,0/B50u1pD81Y8yvRUG/CZOgKXko=,uCZtDxA6HPUQsyLYGitGqYFF3I4=
-83,20,0/B50u1pD81Y8yvRUG/CZOgKXko=,uCZtDxA6HPUQsyLYGitGqYFF3I4=
-82,20,0/B50u1pD81Y8yvRUG/CZOgKXko=,uCZtDxA6HPUQsyLYGitGqYFF3I4=
-83,27,0/B50u1pD81Y8yvRUG/CZOgKXko=,+x0/155HeowP3xASevybT6aoEGg=
-88,21,0/B50u1pD81Y8yvRUG/CZOgKXko=,uCZtDxA6HPUQsyLYGitGqYFF3I4=
-81,20,0/B50u1pD81Y8yvRUG/CZOgKXko=,uCZtDxA6HPUQsyLYGitGqYFF3I4=
-87,21,0/B50u1pD81Y8yvRUG/CZOgKXko=,uCZtDxA6HPUQsyLYGitGqYFF3I4=
-81,29,0/B50u1pD81Y8yvRUG/CZOgKXko=,+x0/155HeowP3xASevybT6aoEGg=
-81,30,0/B50u1pD81Y8yvRUG/CZOgKXko=,+x0/155HeowP3xASevybT6aoEGg=
-86,21,0/B50u1pD81Y8yvRUG/CZOgKXko=,uCZtDxA6HPUQsyLYGitGqYFF3I4=
-85,21,0/B50u1pD81Y8yvRUG/CZOgKXko=,uCZtDxA6HPUQsyLYGitGqYFF3I4=
-87,29,0/B50u1pD81Y8yvRUG/CZOgKXko=,+x0/155HeowP3xASevybT6aoEGg=
-87,23,0/B50u1pD81Y8yvRUG/CZOgKXko=,uCZtDxA6HPUQsyLYGitGqYFF3I4=
-86,29,0/B50u1pD81Y8yvRUG/CZOgKXko=,+x0/155HeowP3xASevybT6aoEGg=
-84,21,0/B50u1pD81Y8yvRUG/CZOgKXko=,uCZtDxA6HPUQsyLYGitGqYFF3I4=
-83,21,0/B50u1pD81Y8yvRUG/CZOgKXko=,uCZtDxA6HPUQsyLYGitGqYFF3I4=
-82,21,0/B50u1pD81Y8yvRUG/CZOgKXko=,uCZtDxA6HPUQsyLYGitGqYFF3I4=
-81,26,0/B50u1pD81Y8yvRUG/CZOgKXko=,+x0/155HeowP3xASevybT6aoEGg=
-82,29,0/B50u1pD81Y8yvRUG/CZOgKXko=,+x0/155HeowP3xASevybT6aoEGg=
-81,31,0/B50u1pD81Y8yvRUG/CZOgKXko=,+x0/155HeowP3xASevybT6aoEGg=
-88,22,0/B50u1pD81Y8yvRUG/CZOgKXko=,uCZtDxA6HPUQsyLYGitGqYFF3I4=
-82,30,0/B50u1pD81Y8yvRUG/CZOgKXko=,+x0/155HeowP3xASevybT6aoEGg=
-88,25,0/B50u1pD81Y8yvRUG/CZOgKXko=,+x0/155HeowP3xASevybT6aoEGg=
-88,23,0/B50u1pD81Y8yvRUG/CZOgKXko=,uCZtDxA6HPUQsyLYGitGqYFF3I4=
-84,30,0/B50u1pD81Y8yvRUG/CZOgKXko=,+x0/155HeowP3xASevybT6aoEGg=
-86,22,0/B50u1pD81Y8yvRUG/CZOgKXko=,uCZtDxA6HPUQsyLYGitGqYFF3I4=
-81,21,0/B50u1pD81Y8yvRUG/CZOgKXko=,uCZtDxA6HPUQsyLYGitGqYFF3I4=
-88,27,0/B50u1pD81Y8yvRUG/CZOgKXko=,+x0/155HeowP3xASevybT6aoEGg=
-84,28,0/B50u1pD81Y8yvRUG/CZOgKXko=,+x0/155HeowP3xASevybT6aoEGg=
-83,30,0/B50u1pD81Y8yvRUG/CZOgKXko=,+x0/155HeowP3xASevybT6aoEGg=
-87,22,0/B50u1pD81Y8yvRUG/CZOgKXko=,uCZtDxA6HPUQsyLYGitGqYFF3I4=
-83,22,0/B50u1pD81Y8yvRUG/CZOgKXko=,uCZtDxA6HPUQsyLYGitGqYFF3I4=
-81,22,0/B50u1pD81Y8yvRUG/CZOgKXko=,uCZtDxA6HPUQsyLYGitGqYFF3I4=
-87,28,0/B50u1pD81Y8yvRUG/CZOgKXko=,+x0/155HeowP3xASevybT6aoEGg=
-82,22,0/B50u1pD81Y8yvRUG/CZOgKXko=,uCZtDxA6HPUQsyLYGitGqYFF3I4=
-87,25,0/B50u1pD81Y8yvRUG/CZOgKXko=,+x0/155HeowP3xASevybT6aoEGg=
-85,29,0/B50u1pD81Y8yvRUG/CZOgKXko=,+x0/155HeowP3xASevybT6aoEGg=
-88,24,0/B50u1pD81Y8yvRUG/CZOgKXko=,+x0/155HeowP3xASevybT6aoEGg=
-88,26,0/B50u1pD81Y8yvRUG/CZOgKXko=,+x0/155HeowP3xASevybT6aoEGg=
-86,24,0/B50u1pD81Y8yvRUG/CZOgKXko=,+x0/155HeowP3xASevybT6aoEGg=
-86,25,0/B50u1pD81Y8yvRUG/CZOgKXko=,+x0/155HeowP3xASevybT6aoEGg=
-87,27,0/B50u1pD81Y8yvRUG/CZOgKXko=,+x0/155HeowP3xASevybT6aoEGg=
-86,27,0/B50u1pD81Y8yvRUG/CZOgKXko=,+x0/155HeowP3xASevybT6aoEGg=
-87,24,0/B50u1pD81Y8yvRUG/CZOgKXko=,+x0/155HeowP3xASevybT6aoEGg=
-83,24,0/B50u1pD81Y8yvRUG/CZOgKXko=,+x0/155HeowP3xASevybT6aoEGg=
-85,24,0/B50u1pD81Y8yvRUG/CZOgKXko=,+x0/155HeowP3xASevybT6aoEGg=
-87,26,0/B50u1pD81Y8yvRUG/CZOgKXko=,+x0/155HeowP3xASevybT6aoEGg=
-85,26,0/B50u1pD81Y8yvRUG/CZOgKXko=,+x0/155HeowP3xASevybT6aoEGg=
-85,27,0/B50u1pD81Y8yvRUG/CZOgKXko=,+x0/155HeowP3xASevybT6aoEGg=
-86,28,0/B50u1pD81Y8yvRUG/CZOgKXko=,+x0/155HeowP3xASevybT6aoEGg=
-84,22,0/B50u1pD81Y8yvRUG/CZOgKXko=,uCZtDxA6HPUQsyLYGitGqYFF3I4=
-82,24,0/B50u1pD81Y8yvRUG/CZOgKXko=,+x0/155HeowP3xASevybT6aoEGg=
-84,27,V3ritRUXI+V1Sfo79hgF9P7JPWo=,+x0/155HeowP3xASevybT6aoEGg=
-83,25,V3ritRUXI+V1Sfo79hgF9P7JPWo=,+x0/155HeowP3xASevybT6aoEGg=
-87,30,V3ritRUXI+V1Sfo79hgF9P7JPWo=,+x0/155HeowP3xASevybT6aoEGg=
-85,22,V3ritRUXI+V1Sfo79hgF9P7JPWo=,uCZtDxA6HPUQsyLYGitGqYFF3I4=
-85,25,V3ritRUXI+V1Sfo79hgF9P7JPWo=,+x0/155HeowP3xASevybT6aoEGg=
-86,30,V3ritRUXI+V1Sfo79hgF9P7JPWo=,+x0/155HeowP3xASevybT6aoEGg=
-85,30,V3ritRUXI+V1Sfo79hgF9P7JPWo=,+x0/155HeowP3xASevybT6aoEGg=
-84,26,V3ritRUXI+V1Sfo79hgF9P7JPWo=,+x0/155HeowP3xASevybT6aoEGg=
-83,26,V3ritRUXI+V1Sfo79hgF9P7JPWo=,+x0/155HeowP3xASevybT6aoEGg=
-87,31,V3ritRUXI+V1Sfo79hgF9P7JPWo=,+x0/155HeowP3xASevybT6aoEGg=
-86,31,V3ritRUXI+V1Sfo79hgF9P7JPWo=,+x0/155HeowP3xASevybT6aoEGg=
-85,28,V3ritRUXI+V1Sfo79hgF9P7JPWo=,+x0/155HeowP3xASevybT6aoEGg=
-85,31,V3ritRUXI+V1Sfo79hgF9P7JPWo=,+x0/155HeowP3xASevybT6aoEGg=
-84,25,V3ritRUXI+V1Sfo79hgF9P7JPWo=,+x0/155HeowP3xASevybT6aoEGg=
-88,30,V3ritRUXI+V1Sfo79hgF9P7JPWo=,+x0/155HeowP3xASevybT6aoEGg=
-82,26,V3ritRUXI+V1Sfo79hgF9P7JPWo=,+x0/155HeowP3xASevybT6aoEGg=
-86,26,V3ritRUXI+V1Sfo79hgF9P7JPWo=,+x0/155HeowP3xASevybT6aoEGg=
-71,17,5HopAofDgcU0gZidzudQ3l7mAus=,EjxNAnq8iIKRvht13QsVFIzTf3Y=
-70,17,5HopAofDgcU0gZidzudQ3l7mAus=,EjxNAnq8iIKRvht13QsVFIzTf3Y=
-69,17,5HopAofDgcU0gZidzudQ3l7mAus=,EjxNAnq8iIKRvht13QsVFIzTf3Y=
-68,17,5HopAofDgcU0gZidzudQ3l7mAus=,EjxNAnq8iIKRvht13QsVFIzTf3Y=
-67,17,5HopAofDgcU0gZidzudQ3l7mAus=,EjxNAnq8iIKRvht13QsVFIzTf3Y=
-66,17,5HopAofDgcU0gZidzudQ3l7mAus=,EjxNAnq8iIKRvht13QsVFIzTf3Y=
-65,17,5HopAofDgcU0gZidzudQ3l7mAus=,EjxNAnq8iIKRvht13QsVFIzTf3Y=
-71,18,5HopAofDgcU0gZidzudQ3l7mAus=,EjxNAnq8iIKRvht13QsVFIzTf3Y=
-70,18,5HopAofDgcU0gZidzudQ3l7mAus=,EjxNAnq8iIKRvht13QsVFIzTf3Y=
-69,18,5HopAofDgcU0gZidzudQ3l7mAus=,EjxNAnq8iIKRvht13QsVFIzTf3Y=
-68,18,5HopAofDgcU0gZidzudQ3l7mAus=,EjxNAnq8iIKRvht13QsVFIzTf3Y=
-67,18,5HopAofDgcU0gZidzudQ3l7mAus=,EjxNAnq8iIKRvht13QsVFIzTf3Y=
-66,18,5HopAofDgcU0gZidzudQ3l7mAus=,EjxNAnq8iIKRvht13QsVFIzTf3Y=
-65,18,5HopAofDgcU0gZidzudQ3l7mAus=,EjxNAnq8iIKRvht13QsVFIzTf3Y=
-71,19,5HopAofDgcU0gZidzudQ3l7mAus=,EjxNAnq8iIKRvht13QsVFIzTf3Y=
-70,19,5HopAofDgcU0gZidzudQ3l7mAus=,EjxNAnq8iIKRvht13QsVFIzTf3Y=
-69,19,5HopAofDgcU0gZidzudQ3l7mAus=,EjxNAnq8iIKRvht13QsVFIzTf3Y=
-68,19,5HopAofDgcU0gZidzudQ3l7mAus=,EjxNAnq8iIKRvht13QsVFIzTf3Y=
-67,19,5HopAofDgcU0gZidzudQ3l7mAus=,EjxNAnq8iIKRvht13QsVFIzTf3Y=
-71,20,5HopAofDgcU0gZidzudQ3l7mAus=,EjxNAnq8iIKRvht13QsVFIzTf3Y=
-70,20,5HopAofDgcU0gZidzudQ3l7mAus=,EjxNAnq8iIKRvht13QsVFIzTf3Y=
-69,20,5HopAofDgcU0gZidzudQ3l7mAus=,EjxNAnq8iIKRvht13QsVFIzTf3Y=
-67,21,5HopAofDgcU0gZidzudQ3l7mAus=,EjxNAnq8iIKRvht13QsVFIzTf3Y=
-68,20,5HopAofDgcU0gZidzudQ3l7mAus=,EjxNAnq8iIKRvht13QsVFIzTf3Y=
-67,20,5HopAofDgcU0gZidzudQ3l7mAus=,EjxNAnq8iIKRvht13QsVFIzTf3Y=
-68,21,5HopAofDgcU0gZidzudQ3l7mAus=,EjxNAnq8iIKRvht13QsVFIzTf3Y=
-71,21,5HopAofDgcU0gZidzudQ3l7mAus=,EjxNAnq8iIKRvht13QsVFIzTf3Y=
-70,21,5HopAofDgcU0gZidzudQ3l7mAus=,EjxNAnq8iIKRvht13QsVFIzTf3Y=
-69,21,5HopAofDgcU0gZidzudQ3l7mAus=,EjxNAnq8iIKRvht13QsVFIzTf3Y=
-74,23,6EaPuf8yeDop/dvoeUiqsoAWOBU=,slRmxM617GsBrvG9cSwI6FSVWC8=
-75,23,6EaPuf8yeDop/dvoeUiqsoAWOBU=,slRmxM617GsBrvG9cSwI6FSVWC8=
-68,22,6EaPuf8yeDop/dvoeUiqsoAWOBU=,EjxNAnq8iIKRvht13QsVFIzTf3Y=
-67,22,6EaPuf8yeDop/dvoeUiqsoAWOBU=,EjxNAnq8iIKRvht13QsVFIzTf3Y=
-66,22,6EaPuf8yeDop/dvoeUiqsoAWOBU=,EjxNAnq8iIKRvht13QsVFIzTf3Y=
-76,23,6EaPuf8yeDop/dvoeUiqsoAWOBU=,slRmxM617GsBrvG9cSwI6FSVWC8=
-69,22,6EaPuf8yeDop/dvoeUiqsoAWOBU=,EjxNAnq8iIKRvht13QsVFIzTf3Y=
-70,22,6EaPuf8yeDop/dvoeUiqsoAWOBU=,EjxNAnq8iIKRvht13QsVFIzTf3Y=
-65,22,6EaPuf8yeDop/dvoeUiqsoAWOBU=,EjxNAnq8iIKRvht13QsVFIzTf3Y=
-71,22,6EaPuf8yeDop/dvoeUiqsoAWOBU=,EjxNAnq8iIKRvht13QsVFIzTf3Y=
-66,21,6EaPuf8yeDop/dvoeUiqsoAWOBU=,EjxNAnq8iIKRvht13QsVFIzTf3Y=
-75,20,6EaPuf8yeDop/dvoeUiqsoAWOBU=,slRmxM617GsBrvG9cSwI6FSVWC8=
-65,21,6EaPuf8yeDop/dvoeUiqsoAWOBU=,EjxNAnq8iIKRvht13QsVFIzTf3Y=
-65,23,6EaPuf8yeDop/dvoeUiqsoAWOBU=,EjxNAnq8iIKRvht13QsVFIzTf3Y=
-73,21,6EaPuf8yeDop/dvoeUiqsoAWOBU=,slRmxM617GsBrvG9cSwI6FSVWC8=
-66,23,6EaPuf8yeDop/dvoeUiqsoAWOBU=,EjxNAnq8iIKRvht13QsVFIzTf3Y=
-67,23,6EaPuf8yeDop/dvoeUiqsoAWOBU=,EjxNAnq8iIKRvht13QsVFIzTf3Y=
-74,21,6EaPuf8yeDop/dvoeUiqsoAWOBU=,slRmxM617GsBrvG9cSwI6FSVWC8=
-68,23,6EaPuf8yeDop/dvoeUiqsoAWOBU=,EjxNAnq8iIKRvht13QsVFIzTf3Y=
-69,23,6EaPuf8yeDop/dvoeUiqsoAWOBU=,EjxNAnq8iIKRvht13QsVFIzTf3Y=
-75,21,6EaPuf8yeDop/dvoeUiqsoAWOBU=,slRmxM617GsBrvG9cSwI6FSVWC8=
-66,20,6EaPuf8yeDop/dvoeUiqsoAWOBU=,EjxNAnq8iIKRvht13QsVFIzTf3Y=
-76,20,6EaPuf8yeDop/dvoeUiqsoAWOBU=,slRmxM617GsBrvG9cSwI6FSVWC8=
-70,23,6EaPuf8yeDop/dvoeUiqsoAWOBU=,EjxNAnq8iIKRvht13QsVFIzTf3Y=
-73,23,6EaPuf8yeDop/dvoeUiqsoAWOBU=,slRmxM617GsBrvG9cSwI6FSVWC8=
-71,23,6EaPuf8yeDop/dvoeUiqsoAWOBU=,EjxNAnq8iIKRvht13QsVFIzTf3Y=
-76,21,6EaPuf8yeDop/dvoeUiqsoAWOBU=,slRmxM617GsBrvG9cSwI6FSVWC8=
-72,23,6EaPuf8yeDop/dvoeUiqsoAWOBU=,EjxNAnq8iIKRvht13QsVFIzTf3Y=
-73,22,6EaPuf8yeDop/dvoeUiqsoAWOBU=,slRmxM617GsBrvG9cSwI6FSVWC8=
-72,22,6EaPuf8yeDop/dvoeUiqsoAWOBU=,EjxNAnq8iIKRvht13QsVFIzTf3Y=
-72,21,6EaPuf8yeDop/dvoeUiqsoAWOBU=,EjxNAnq8iIKRvht13QsVFIzTf3Y=
-72,20,6EaPuf8yeDop/dvoeUiqsoAWOBU=,EjxNAnq8iIKRvht13QsVFIzTf3Y=
-74,22,6EaPuf8yeDop/dvoeUiqsoAWOBU=,slRmxM617GsBrvG9cSwI6FSVWC8=
-65,20,6EaPuf8yeDop/dvoeUiqsoAWOBU=,EjxNAnq8iIKRvht13QsVFIzTf3Y=
-72,31,6EaPuf8yeDop/dvoeUiqsoAWOBU=,EbZqizcqJtgVYvqLCuSUnG/mXUM=
-73,31,6EaPuf8yeDop/dvoeUiqsoAWOBU=,aTa8nR2JQRPFj101GtJlfEN0HdI=
-76,25,6EaPuf8yeDop/dvoeUiqsoAWOBU=,aTa8nR2JQRPFj101GtJlfEN0HdI=
-75,22,6EaPuf8yeDop/dvoeUiqsoAWOBU=,slRmxM617GsBrvG9cSwI6FSVWC8=
-68,24,6EaPuf8yeDop/dvoeUiqsoAWOBU=,EbZqizcqJtgVYvqLCuSUnG/mXUM=
-75,25,6EaPuf8yeDop/dvoeUiqsoAWOBU=,aTa8nR2JQRPFj101GtJlfEN0HdI=
-74,25,6EaPuf8yeDop/dvoeUiqsoAWOBU=,aTa8nR2JQRPFj101GtJlfEN0HdI=
-76,22,6EaPuf8yeDop/dvoeUiqsoAWOBU=,slRmxM617GsBrvG9cSwI6FSVWC8=
-74,31,6EaPuf8yeDop/dvoeUiqsoAWOBU=,aTa8nR2JQRPFj101GtJlfEN0HdI=
-76,26,6EaPuf8yeDop/dvoeUiqsoAWOBU=,aTa8nR2JQRPFj101GtJlfEN0HdI=
-69,24,6EaPuf8yeDop/dvoeUiqsoAWOBU=,EbZqizcqJtgVYvqLCuSUnG/mXUM=
-73,20,6EaPuf8yeDop/dvoeUiqsoAWOBU=,slRmxM617GsBrvG9cSwI6FSVWC8=
-75,31,6EaPuf8yeDop/dvoeUiqsoAWOBU=,aTa8nR2JQRPFj101GtJlfEN0HdI=
-75,26,6EaPuf8yeDop/dvoeUiqsoAWOBU=,aTa8nR2JQRPFj101GtJlfEN0HdI=
-74,20,6EaPuf8yeDop/dvoeUiqsoAWOBU=,slRmxM617GsBrvG9cSwI6FSVWC8=
-76,31,6EaPuf8yeDop/dvoeUiqsoAWOBU=,aTa8nR2JQRPFj101GtJlfEN0HdI=
-72,29,6EaPuf8yeDop/dvoeUiqsoAWOBU=,EbZqizcqJtgVYvqLCuSUnG/mXUM=
-69,29,6EaPuf8yeDop/dvoeUiqsoAWOBU=,EbZqizcqJtgVYvqLCuSUnG/mXUM=
-67,24,6EaPuf8yeDop/dvoeUiqsoAWOBU=,EbZqizcqJtgVYvqLCuSUnG/mXUM=
-71,29,6EaPuf8yeDop/dvoeUiqsoAWOBU=,EbZqizcqJtgVYvqLCuSUnG/mXUM=
-69,31,6EaPuf8yeDop/dvoeUiqsoAWOBU=,EbZqizcqJtgVYvqLCuSUnG/mXUM=
-72,24,6EaPuf8yeDop/dvoeUiqsoAWOBU=,EbZqizcqJtgVYvqLCuSUnG/mXUM=
-70,31,6EaPuf8yeDop/dvoeUiqsoAWOBU=,EbZqizcqJtgVYvqLCuSUnG/mXUM=
-71,24,6EaPuf8yeDop/dvoeUiqsoAWOBU=,EbZqizcqJtgVYvqLCuSUnG/mXUM=
-71,31,6EaPuf8yeDop/dvoeUiqsoAWOBU=,EbZqizcqJtgVYvqLCuSUnG/mXUM=
-70,24,6EaPuf8yeDop/dvoeUiqsoAWOBU=,EbZqizcqJtgVYvqLCuSUnG/mXUM=
-70,29,6EaPuf8yeDop/dvoeUiqsoAWOBU=,EbZqizcqJtgVYvqLCuSUnG/mXUM=
-72,30,6EaPuf8yeDop/dvoeUiqsoAWOBU=,EbZqizcqJtgVYvqLCuSUnG/mXUM=
-65,28,6EaPuf8yeDop/dvoeUiqsoAWOBU=,EbZqizcqJtgVYvqLCuSUnG/mXUM=
-66,28,6EaPuf8yeDop/dvoeUiqsoAWOBU=,EbZqizcqJtgVYvqLCuSUnG/mXUM=
-71,30,6EaPuf8yeDop/dvoeUiqsoAWOBU=,EbZqizcqJtgVYvqLCuSUnG/mXUM=
-80,23,6EaPuf8yeDop/dvoeUiqsoAWOBU=,slRmxM617GsBrvG9cSwI6FSVWC8=
-68,29,6EaPuf8yeDop/dvoeUiqsoAWOBU=,EbZqizcqJtgVYvqLCuSUnG/mXUM=
-70,30,6EaPuf8yeDop/dvoeUiqsoAWOBU=,EbZqizcqJtgVYvqLCuSUnG/mXUM=
-74,26,6EaPuf8yeDop/dvoeUiqsoAWOBU=,aTa8nR2JQRPFj101GtJlfEN0HdI=
-67,29,jGpGH69h4qJrGteAxosZwyTlpx8=,EbZqizcqJtgVYvqLCuSUnG/mXUM=
-66,24,jGpGH69h4qJrGteAxosZwyTlpx8=,EbZqizcqJtgVYvqLCuSUnG/mXUM=
-80,31,jGpGH69h4qJrGteAxosZwyTlpx8=,aTa8nR2JQRPFj101GtJlfEN0HdI=
-79,25,jGpGH69h4qJrGteAxosZwyTlpx8=,aTa8nR2JQRPFj101GtJlfEN0HdI=
-80,20,jGpGH69h4qJrGteAxosZwyTlpx8=,slRmxM617GsBrvG9cSwI6FSVWC8=
-69,30,jGpGH69h4qJrGteAxosZwyTlpx8=,EbZqizcqJtgVYvqLCuSUnG/mXUM=
-79,22,jGpGH69h4qJrGteAxosZwyTlpx8=,slRmxM617GsBrvG9cSwI6FSVWC8=
-65,24,jGpGH69h4qJrGteAxosZwyTlpx8=,EbZqizcqJtgVYvqLCuSUnG/mXUM=
-80,21,jGpGH69h4qJrGteAxosZwyTlpx8=,slRmxM617GsBrvG9cSwI6FSVWC8=
-80,30,jGpGH69h4qJrGteAxosZwyTlpx8=,aTa8nR2JQRPFj101GtJlfEN0HdI=
-72,25,jGpGH69h4qJrGteAxosZwyTlpx8=,EbZqizcqJtgVYvqLCuSUnG/mXUM=
-71,25,jGpGH69h4qJrGteAxosZwyTlpx8=,EbZqizcqJtgVYvqLCuSUnG/mXUM=
-80,29,jGpGH69h4qJrGteAxosZwyTlpx8=,aTa8nR2JQRPFj101GtJlfEN0HdI=
-66,29,jGpGH69h4qJrGteAxosZwyTlpx8=,EbZqizcqJtgVYvqLCuSUnG/mXUM=
-65,29,jGpGH69h4qJrGteAxosZwyTlpx8=,EbZqizcqJtgVYvqLCuSUnG/mXUM=
-70,25,jGpGH69h4qJrGteAxosZwyTlpx8=,EbZqizcqJtgVYvqLCuSUnG/mXUM=
-80,22,jGpGH69h4qJrGteAxosZwyTlpx8=,slRmxM617GsBrvG9cSwI6FSVWC8=
-66,31,jGpGH69h4qJrGteAxosZwyTlpx8=,EbZqizcqJtgVYvqLCuSUnG/mXUM=
-80,28,jGpGH69h4qJrGteAxosZwyTlpx8=,aTa8nR2JQRPFj101GtJlfEN0HdI=
-73,24,jGpGH69h4qJrGteAxosZwyTlpx8=,aTa8nR2JQRPFj101GtJlfEN0HdI=
-67,31,jGpGH69h4qJrGteAxosZwyTlpx8=,EbZqizcqJtgVYvqLCuSUnG/mXUM=
-69,25,jGpGH69h4qJrGteAxosZwyTlpx8=,EbZqizcqJtgVYvqLCuSUnG/mXUM=
-68,31,jGpGH69h4qJrGteAxosZwyTlpx8=,EbZqizcqJtgVYvqLCuSUnG/mXUM=
-80,27,jGpGH69h4qJrGteAxosZwyTlpx8=,aTa8nR2JQRPFj101GtJlfEN0HdI=
-69,28,jGpGH69h4qJrGteAxosZwyTlpx8=,EbZqizcqJtgVYvqLCuSUnG/mXUM=
-77,22,jGpGH69h4qJrGteAxosZwyTlpx8=,slRmxM617GsBrvG9cSwI6FSVWC8=
-78,22,jGpGH69h4qJrGteAxosZwyTlpx8=,slRmxM617GsBrvG9cSwI6FSVWC8=
-74,27,jGpGH69h4qJrGteAxosZwyTlpx8=,aTa8nR2JQRPFj101GtJlfEN0HdI=
-68,30,jGpGH69h4qJrGteAxosZwyTlpx8=,EbZqizcqJtgVYvqLCuSUnG/mXUM=
-78,25,jGpGH69h4qJrGteAxosZwyTlpx8=,aTa8nR2JQRPFj101GtJlfEN0HdI=
-75,27,jGpGH69h4qJrGteAxosZwyTlpx8=,aTa8nR2JQRPFj101GtJlfEN0HdI=
-80,24,jGpGH69h4qJrGteAxosZwyTlpx8=,aTa8nR2JQRPFj101GtJlfEN0HdI=
-77,23,jGpGH69h4qJrGteAxosZwyTlpx8=,slRmxM617GsBrvG9cSwI6FSVWC8=
-70,28,jGpGH69h4qJrGteAxosZwyTlpx8=,EbZqizcqJtgVYvqLCuSUnG/mXUM=
-67,30,jGpGH69h4qJrGteAxosZwyTlpx8=,EbZqizcqJtgVYvqLCuSUnG/mXUM=
-76,27,jGpGH69h4qJrGteAxosZwyTlpx8=,aTa8nR2JQRPFj101GtJlfEN0HdI=
-71,28,jGpGH69h4qJrGteAxosZwyTlpx8=,EbZqizcqJtgVYvqLCuSUnG/mXUM=
-66,30,jGpGH69h4qJrGteAxosZwyTlpx8=,EbZqizcqJtgVYvqLCuSUnG/mXUM=
-78,23,jGpGH69h4qJrGteAxosZwyTlpx8=,slRmxM617GsBrvG9cSwI6FSVWC8=
-80,26,jGpGH69h4qJrGteAxosZwyTlpx8=,aTa8nR2JQRPFj101GtJlfEN0HdI=
-65,30,jGpGH69h4qJrGteAxosZwyTlpx8=,EbZqizcqJtgVYvqLCuSUnG/mXUM=
-69,16,jGpGH69h4qJrGteAxosZwyTlpx8=,EjxNAnq8iIKRvht13QsVFIzTf3Y=
-73,30,jGpGH69h4qJrGteAxosZwyTlpx8=,aTa8nR2JQRPFj101GtJlfEN0HdI=
-80,25,jGpGH69h4qJrGteAxosZwyTlpx8=,aTa8nR2JQRPFj101GtJlfEN0HdI=
-68,16,jGpGH69h4qJrGteAxosZwyTlpx8=,EjxNAnq8iIKRvht13QsVFIzTf3Y=
-79,23,jGpGH69h4qJrGteAxosZwyTlpx8=,slRmxM617GsBrvG9cSwI6FSVWC8=
-67,28,jGpGH69h4qJrGteAxosZwyTlpx8=,EbZqizcqJtgVYvqLCuSUnG/mXUM=
-67,16,jGpGH69h4qJrGteAxosZwyTlpx8=,EjxNAnq8iIKRvht13QsVFIzTf3Y=
-72,28,jGpGH69h4qJrGteAxosZwyTlpx8=,EbZqizcqJtgVYvqLCuSUnG/mXUM=
-66,16,jGpGH69h4qJrGteAxosZwyTlpx8=,EjxNAnq8iIKRvht13QsVFIzTf3Y=
-65,16,jGpGH69h4qJrGteAxosZwyTlpx8=,EjxNAnq8iIKRvht13QsVFIzTf3Y=
-65,19,jGpGH69h4qJrGteAxosZwyTlpx8=,EjxNAnq8iIKRvht13QsVFIzTf3Y=
-66,19,jGpGH69h4qJrGteAxosZwyTlpx8=,EjxNAnq8iIKRvht13QsVFIzTf3Y=
-77,20,jGpGH69h4qJrGteAxosZwyTlpx8=,slRmxM617GsBrvG9cSwI6FSVWC8=
-79,21,jGpGH69h4qJrGteAxosZwyTlpx8=,slRmxM617GsBrvG9cSwI6FSVWC8=
-78,20,jGpGH69h4qJrGteAxosZwyTlpx8=,slRmxM617GsBrvG9cSwI6FSVWC8=
-68,28,jGpGH69h4qJrGteAxosZwyTlpx8=,EbZqizcqJtgVYvqLCuSUnG/mXUM=
-77,25,jGpGH69h4qJrGteAxosZwyTlpx8=,aTa8nR2JQRPFj101GtJlfEN0HdI=
-65,27,jGpGH69h4qJrGteAxosZwyTlpx8=,EbZqizcqJtgVYvqLCuSUnG/mXUM=
-77,31,jGpGH69h4qJrGteAxosZwyTlpx8=,aTa8nR2JQRPFj101GtJlfEN0HdI=
-78,21,jGpGH69h4qJrGteAxosZwyTlpx8=,slRmxM617GsBrvG9cSwI6FSVWC8=
-79,20,jGpGH69h4qJrGteAxosZwyTlpx8=,slRmxM617GsBrvG9cSwI6FSVWC8=
-66,27,jGpGH69h4qJrGteAxosZwyTlpx8=,EbZqizcqJtgVYvqLCuSUnG/mXUM=
-65,31,jGpGH69h4qJrGteAxosZwyTlpx8=,EbZqizcqJtgVYvqLCuSUnG/mXUM=
-78,31,jGpGH69h4qJrGteAxosZwyTlpx8=,aTa8nR2JQRPFj101GtJlfEN0HdI=
-67,27,jGpGH69h4qJrGteAxosZwyTlpx8=,EbZqizcqJtgVYvqLCuSUnG/mXUM=
-77,21,jGpGH69h4qJrGteAxosZwyTlpx8=,slRmxM617GsBrvG9cSwI6FSVWC8=
-79,31,jGpGH69h4qJrGteAxosZwyTlpx8=,aTa8nR2JQRPFj101GtJlfEN0HdI=
-73,29,jGpGH69h4qJrGteAxosZwyTlpx8=,aTa8nR2JQRPFj101GtJlfEN0HdI=
-78,16,jGpGH69h4qJrGteAxosZwyTlpx8=,slRmxM617GsBrvG9cSwI6FSVWC8=
-68,27,jGpGH69h4qJrGteAxosZwyTlpx8=,EbZqizcqJtgVYvqLCuSUnG/mXUM=
-80,16,jGpGH69h4qJrGteAxosZwyTlpx8=,slRmxM617GsBrvG9cSwI6FSVWC8=
-77,30,jGpGH69h4qJrGteAxosZwyTlpx8=,aTa8nR2JQRPFj101GtJlfEN0HdI=
-69,27,jGpGH69h4qJrGteAxosZwyTlpx8=,EbZqizcqJtgVYvqLCuSUnG/mXUM=
-75,16,jGpGH69h4qJrGteAxosZwyTlpx8=,slRmxM617GsBrvG9cSwI6FSVWC8=
-70,27,jGpGH69h4qJrGteAxosZwyTlpx8=,EbZqizcqJtgVYvqLCuSUnG/mXUM=
-78,30,jGpGH69h4qJrGteAxosZwyTlpx8=,aTa8nR2JQRPFj101GtJlfEN0HdI=
-71,27,jGpGH69h4qJrGteAxosZwyTlpx8=,EbZqizcqJtgVYvqLCuSUnG/mXUM=
-73,16,jGpGH69h4qJrGteAxosZwyTlpx8=,slRmxM617GsBrvG9cSwI6FSVWC8=
-72,27,jGpGH69h4qJrGteAxosZwyTlpx8=,EbZqizcqJtgVYvqLCuSUnG/mXUM=
-79,30,jGpGH69h4qJrGteAxosZwyTlpx8=,aTa8nR2JQRPFj101GtJlfEN0HdI=
-65,26,jGpGH69h4qJrGteAxosZwyTlpx8=,EbZqizcqJtgVYvqLCuSUnG/mXUM=
-76,16,jGpGH69h4qJrGteAxosZwyTlpx8=,slRmxM617GsBrvG9cSwI6FSVWC8=
-66,26,jGpGH69h4qJrGteAxosZwyTlpx8=,EbZqizcqJtgVYvqLCuSUnG/mXUM=
-72,16,jGpGH69h4qJrGteAxosZwyTlpx8=,EjxNAnq8iIKRvht13QsVFIzTf3Y=
-77,29,jGpGH69h4qJrGteAxosZwyTlpx8=,aTa8nR2JQRPFj101GtJlfEN0HdI=
-67,26,jGpGH69h4qJrGteAxosZwyTlpx8=,EbZqizcqJtgVYvqLCuSUnG/mXUM=
-74,16,jGpGH69h4qJrGteAxosZwyTlpx8=,slRmxM617GsBrvG9cSwI6FSVWC8=
-73,28,jGpGH69h4qJrGteAxosZwyTlpx8=,aTa8nR2JQRPFj101GtJlfEN0HdI=
-79,26,jGpGH69h4qJrGteAxosZwyTlpx8=,aTa8nR2JQRPFj101GtJlfEN0HdI=
-78,29,jGpGH69h4qJrGteAxosZwyTlpx8=,aTa8nR2JQRPFj101GtJlfEN0HdI=
-77,16,jGpGH69h4qJrGteAxosZwyTlpx8=,slRmxM617GsBrvG9cSwI6FSVWC8=
-70,16,jGpGH69h4qJrGteAxosZwyTlpx8=,EjxNAnq8iIKRvht13QsVFIzTf3Y=
-79,16,jGpGH69h4qJrGteAxosZwyTlpx8=,slRmxM617GsBrvG9cSwI6FSVWC8=
-76,24,jGpGH69h4qJrGteAxosZwyTlpx8=,aTa8nR2JQRPFj101GtJlfEN0HdI=
-71,16,jGpGH69h4qJrGteAxosZwyTlpx8=,EjxNAnq8iIKRvht13QsVFIzTf3Y=
-72,17,jGpGH69h4qJrGteAxosZwyTlpx8=,EjxNAnq8iIKRvht13QsVFIzTf3Y=
-78,26,jGpGH69h4qJrGteAxosZwyTlpx8=,aTa8nR2JQRPFj101GtJlfEN0HdI=
-79,29,jGpGH69h4qJrGteAxosZwyTlpx8=,aTa8nR2JQRPFj101GtJlfEN0HdI=
-80,18,jGpGH69h4qJrGteAxosZwyTlpx8=,slRmxM617GsBrvG9cSwI6FSVWC8=
-68,26,jGpGH69h4qJrGteAxosZwyTlpx8=,EbZqizcqJtgVYvqLCuSUnG/mXUM=
-76,28,jGpGH69h4qJrGteAxosZwyTlpx8=,aTa8nR2JQRPFj101GtJlfEN0HdI=
-80,19,jGpGH69h4qJrGteAxosZwyTlpx8=,slRmxM617GsBrvG9cSwI6FSVWC8=
-79,24,jGpGH69h4qJrGteAxosZwyTlpx8=,aTa8nR2JQRPFj101GtJlfEN0HdI=
-78,18,jGpGH69h4qJrGteAxosZwyTlpx8=,slRmxM617GsBrvG9cSwI6FSVWC8=
-77,28,jGpGH69h4qJrGteAxosZwyTlpx8=,aTa8nR2JQRPFj101GtJlfEN0HdI=
-72,18,jGpGH69h4qJrGteAxosZwyTlpx8=,EjxNAnq8iIKRvht13QsVFIzTf3Y=
-69,26,jGpGH69h4qJrGteAxosZwyTlpx8=,EbZqizcqJtgVYvqLCuSUnG/mXUM=
-75,24,jGpGH69h4qJrGteAxosZwyTlpx8=,aTa8nR2JQRPFj101GtJlfEN0HdI=
-77,18,jGpGH69h4qJrGteAxosZwyTlpx8=,slRmxM617GsBrvG9cSwI6FSVWC8=
-78,28,jGpGH69h4qJrGteAxosZwyTlpx8=,aTa8nR2JQRPFj101GtJlfEN0HdI=
-77,26,jGpGH69h4qJrGteAxosZwyTlpx8=,aTa8nR2JQRPFj101GtJlfEN0HdI=
-73,27,jGpGH69h4qJrGteAxosZwyTlpx8=,aTa8nR2JQRPFj101GtJlfEN0HdI=
-76,18,jGpGH69h4qJrGteAxosZwyTlpx8=,slRmxM617GsBrvG9cSwI6FSVWC8=
-79,17,jGpGH69h4qJrGteAxosZwyTlpx8=,slRmxM617GsBrvG9cSwI6FSVWC8=
-70,26,jGpGH69h4qJrGteAxosZwyTlpx8=,EbZqizcqJtgVYvqLCuSUnG/mXUM=
-80,17,jGpGH69h4qJrGteAxosZwyTlpx8=,slRmxM617GsBrvG9cSwI6FSVWC8=
-79,28,jGpGH69h4qJrGteAxosZwyTlpx8=,aTa8nR2JQRPFj101GtJlfEN0HdI=
-71,26,jGpGH69h4qJrGteAxosZwyTlpx8=,EbZqizcqJtgVYvqLCuSUnG/mXUM=
-75,18,jGpGH69h4qJrGteAxosZwyTlpx8=,slRmxM617GsBrvG9cSwI6FSVWC8=
-79,18,jGpGH69h4qJrGteAxosZwyTlpx8=,slRmxM617GsBrvG9cSwI6FSVWC8=
-72,26,jGpGH69h4qJrGteAxosZwyTlpx8=,EbZqizcqJtgVYvqLCuSUnG/mXUM=
-75,28,jGpGH69h4qJrGteAxosZwyTlpx8=,aTa8nR2JQRPFj101GtJlfEN0HdI=
-77,27,jGpGH69h4qJrGteAxosZwyTlpx8=,aTa8nR2JQRPFj101GtJlfEN0HdI=
-77,19,jGpGH69h4qJrGteAxosZwyTlpx8=,slRmxM617GsBrvG9cSwI6FSVWC8=
-73,26,jGpGH69h4qJrGteAxosZwyTlpx8=,aTa8nR2JQRPFj101GtJlfEN0HdI=
-78,24,jGpGH69h4qJrGteAxosZwyTlpx8=,aTa8nR2JQRPFj101GtJlfEN0HdI=
-65,25,jGpGH69h4qJrGteAxosZwyTlpx8=,EbZqizcqJtgVYvqLCuSUnG/mXUM=
-78,27,jGpGH69h4qJrGteAxosZwyTlpx8=,aTa8nR2JQRPFj101GtJlfEN0HdI=
-78,19,jGpGH69h4qJrGteAxosZwyTlpx8=,slRmxM617GsBrvG9cSwI6FSVWC8=
-66,25,jGpGH69h4qJrGteAxosZwyTlpx8=,EbZqizcqJtgVYvqLCuSUnG/mXUM=
-73,19,Cn8nzUefS8R6c3p3sy6lzS75KEs=,slRmxM617GsBrvG9cSwI6FSVWC8=
-77,24,Cn8nzUefS8R6c3p3sy6lzS75KEs=,aTa8nR2JQRPFj101GtJlfEN0HdI=
-73,25,Cn8nzUefS8R6c3p3sy6lzS75KEs=,aTa8nR2JQRPFj101GtJlfEN0HdI=
-79,27,Cn8nzUefS8R6c3p3sy6lzS75KEs=,aTa8nR2JQRPFj101GtJlfEN0HdI=
-74,19,Cn8nzUefS8R6c3p3sy6lzS75KEs=,slRmxM617GsBrvG9cSwI6FSVWC8=
-67,25,Cn8nzUefS8R6c3p3sy6lzS75KEs=,EbZqizcqJtgVYvqLCuSUnG/mXUM=
-74,18,Cn8nzUefS8R6c3p3sy6lzS75KEs=,slRmxM617GsBrvG9cSwI6FSVWC8=
-78,17,Cn8nzUefS8R6c3p3sy6lzS75KEs=,slRmxM617GsBrvG9cSwI6FSVWC8=
-74,28,Cn8nzUefS8R6c3p3sy6lzS75KEs=,aTa8nR2JQRPFj101GtJlfEN0HdI=
-75,29,Cn8nzUefS8R6c3p3sy6lzS75KEs=,aTa8nR2JQRPFj101GtJlfEN0HdI=
-76,29,Cn8nzUefS8R6c3p3sy6lzS75KEs=,aTa8nR2JQRPFj101GtJlfEN0HdI=
-68,25,Cn8nzUefS8R6c3p3sy6lzS75KEs=,EbZqizcqJtgVYvqLCuSUnG/mXUM=
-75,19,Cn8nzUefS8R6c3p3sy6lzS75KEs=,slRmxM617GsBrvG9cSwI6FSVWC8=
-72,19,Cn8nzUefS8R6c3p3sy6lzS75KEs=,EjxNAnq8iIKRvht13QsVFIzTf3Y=
-74,30,Cn8nzUefS8R6c3p3sy6lzS75KEs=,aTa8nR2JQRPFj101GtJlfEN0HdI=
-73,18,Cn8nzUefS8R6c3p3sy6lzS75KEs=,slRmxM617GsBrvG9cSwI6FSVWC8=
-77,17,Cn8nzUefS8R6c3p3sy6lzS75KEs=,slRmxM617GsBrvG9cSwI6FSVWC8=
-76,17,Cn8nzUefS8R6c3p3sy6lzS75KEs=,slRmxM617GsBrvG9cSwI6FSVWC8=
-75,17,Cn8nzUefS8R6c3p3sy6lzS75KEs=,slRmxM617GsBrvG9cSwI6FSVWC8=
-74,17,Cn8nzUefS8R6c3p3sy6lzS75KEs=,slRmxM617GsBrvG9cSwI6FSVWC8=
-76,19,Cn8nzUefS8R6c3p3sy6lzS75KEs=,slRmxM617GsBrvG9cSwI6FSVWC8=
-75,30,Cn8nzUefS8R6c3p3sy6lzS75KEs=,aTa8nR2JQRPFj101GtJlfEN0HdI=
-79,19,Cn8nzUefS8R6c3p3sy6lzS75KEs=,slRmxM617GsBrvG9cSwI6FSVWC8=
-74,24,Cn8nzUefS8R6c3p3sy6lzS75KEs=,aTa8nR2JQRPFj101GtJlfEN0HdI=
-76,30,Cn8nzUefS8R6c3p3sy6lzS75KEs=,aTa8nR2JQRPFj101GtJlfEN0HdI=
-73,17,Cn8nzUefS8R6c3p3sy6lzS75KEs=,slRmxM617GsBrvG9cSwI6FSVWC8=
-74,29,Cn8nzUefS8R6c3p3sy6lzS75KEs=,aTa8nR2JQRPFj101GtJlfEN0HdI=
-68,9,Cn8nzUefS8R6c3p3sy6lzS75KEs=,EjxNAnq8iIKRvht13QsVFIzTf3Y=
-67,9,Cn8nzUefS8R6c3p3sy6lzS75KEs=,EjxNAnq8iIKRvht13QsVFIzTf3Y=
-69,9,Cn8nzUefS8R6c3p3sy6lzS75KEs=,EjxNAnq8iIKRvht13QsVFIzTf3Y=
-66,9,Cn8nzUefS8R6c3p3sy6lzS75KEs=,EjxNAnq8iIKRvht13QsVFIzTf3Y=
-70,10,Cn8nzUefS8R6c3p3sy6lzS75KEs=,EjxNAnq8iIKRvht13QsVFIzTf3Y=
-69,10,Cn8nzUefS8R6c3p3sy6lzS75KEs=,EjxNAnq8iIKRvht13QsVFIzTf3Y=
-68,10,Cn8nzUefS8R6c3p3sy6lzS75KEs=,EjxNAnq8iIKRvht13QsVFIzTf3Y=
-67,10,Cn8nzUefS8R6c3p3sy6lzS75KEs=,EjxNAnq8iIKRvht13QsVFIzTf3Y=
-66,10,Cn8nzUefS8R6c3p3sy6lzS75KEs=,EjxNAnq8iIKRvht13QsVFIzTf3Y=
-71,11,Cn8nzUefS8R6c3p3sy6lzS75KEs=,EjxNAnq8iIKRvht13QsVFIzTf3Y=
-70,11,Cn8nzUefS8R6c3p3sy6lzS75KEs=,EjxNAnq8iIKRvht13QsVFIzTf3Y=
-69,11,Cn8nzUefS8R6c3p3sy6lzS75KEs=,EjxNAnq8iIKRvht13QsVFIzTf3Y=
-70,9,Cn8nzUefS8R6c3p3sy6lzS75KEs=,EjxNAnq8iIKRvht13QsVFIzTf3Y=
-68,11,Cn8nzUefS8R6c3p3sy6lzS75KEs=,EjxNAnq8iIKRvht13QsVFIzTf3Y=
-66,14,Cn8nzUefS8R6c3p3sy6lzS75KEs=,EjxNAnq8iIKRvht13QsVFIzTf3Y=
-67,14,Cn8nzUefS8R6c3p3sy6lzS75KEs=,EjxNAnq8iIKRvht13QsVFIzTf3Y=
-68,14,Cn8nzUefS8R6c3p3sy6lzS75KEs=,EjxNAnq8iIKRvht13QsVFIzTf3Y=
-69,14,Cn8nzUefS8R6c3p3sy6lzS75KEs=,EjxNAnq8iIKRvht13QsVFIzTf3Y=
-67,13,Cn8nzUefS8R6c3p3sy6lzS75KEs=,EjxNAnq8iIKRvht13QsVFIzTf3Y=
-68,13,Cn8nzUefS8R6c3p3sy6lzS75KEs=,EjxNAnq8iIKRvht13QsVFIzTf3Y=
-69,13,Cn8nzUefS8R6c3p3sy6lzS75KEs=,EjxNAnq8iIKRvht13QsVFIzTf3Y=
-71,13,Cn8nzUefS8R6c3p3sy6lzS75KEs=,EjxNAnq8iIKRvht13QsVFIzTf3Y=
-70,13,Cn8nzUefS8R6c3p3sy6lzS75KEs=,EjxNAnq8iIKRvht13QsVFIzTf3Y=
-66,12,Cn8nzUefS8R6c3p3sy6lzS75KEs=,EjxNAnq8iIKRvht13QsVFIzTf3Y=
-67,12,Cn8nzUefS8R6c3p3sy6lzS75KEs=,EjxNAnq8iIKRvht13QsVFIzTf3Y=
-68,12,Cn8nzUefS8R6c3p3sy6lzS75KEs=,EjxNAnq8iIKRvht13QsVFIzTf3Y=
-69,12,Cn8nzUefS8R6c3p3sy6lzS75KEs=,EjxNAnq8iIKRvht13QsVFIzTf3Y=
-70,12,Cn8nzUefS8R6c3p3sy6lzS75KEs=,EjxNAnq8iIKRvht13QsVFIzTf3Y=
-71,12,Cn8nzUefS8R6c3p3sy6lzS75KEs=,EjxNAnq8iIKRvht13QsVFIzTf3Y=
-66,11,Cn8nzUefS8R6c3p3sy6lzS75KEs=,EjxNAnq8iIKRvht13QsVFIzTf3Y=
-67,11,Cn8nzUefS8R6c3p3sy6lzS75KEs=,EjxNAnq8iIKRvht13QsVFIzTf3Y=
-66,13,Cn8nzUefS8R6c3p3sy6lzS75KEs=,EjxNAnq8iIKRvht13QsVFIzTf3Y=
-68,6,a8mJFHulSYmDw5aXSwq0gSOjkw0=,EjxNAnq8iIKRvht13QsVFIzTf3Y=
-67,6,a8mJFHulSYmDw5aXSwq0gSOjkw0=,EjxNAnq8iIKRvht13QsVFIzTf3Y=
-66,6,a8mJFHulSYmDw5aXSwq0gSOjkw0=,EjxNAnq8iIKRvht13QsVFIzTf3Y=
-65,6,a8mJFHulSYmDw5aXSwq0gSOjkw0=,EjxNAnq8iIKRvht13QsVFIzTf3Y=
-70,7,a8mJFHulSYmDw5aXSwq0gSOjkw0=,EjxNAnq8iIKRvht13QsVFIzTf3Y=
-69,7,a8mJFHulSYmDw5aXSwq0gSOjkw0=,EjxNAnq8iIKRvht13QsVFIzTf3Y=
-68,7,a8mJFHulSYmDw5aXSwq0gSOjkw0=,EjxNAnq8iIKRvht13QsVFIzTf3Y=
-67,7,a8mJFHulSYmDw5aXSwq0gSOjkw0=,EjxNAnq8iIKRvht13QsVFIzTf3Y=
-66,7,a8mJFHulSYmDw5aXSwq0gSOjkw0=,EjxNAnq8iIKRvht13QsVFIzTf3Y=
-70,5,a8mJFHulSYmDw5aXSwq0gSOjkw0=,EjxNAnq8iIKRvht13QsVFIzTf3Y=
-69,5,a8mJFHulSYmDw5aXSwq0gSOjkw0=,EjxNAnq8iIKRvht13QsVFIzTf3Y=
-68,5,a8mJFHulSYmDw5aXSwq0gSOjkw0=,EjxNAnq8iIKRvht13QsVFIzTf3Y=
-67,5,a8mJFHulSYmDw5aXSwq0gSOjkw0=,EjxNAnq8iIKRvht13QsVFIzTf3Y=
-70,8,a8mJFHulSYmDw5aXSwq0gSOjkw0=,EjxNAnq8iIKRvht13QsVFIzTf3Y=
-69,8,a8mJFHulSYmDw5aXSwq0gSOjkw0=,EjxNAnq8iIKRvht13QsVFIzTf3Y=
-66,5,a8mJFHulSYmDw5aXSwq0gSOjkw0=,EjxNAnq8iIKRvht13QsVFIzTf3Y=
-68,8,a8mJFHulSYmDw5aXSwq0gSOjkw0=,EjxNAnq8iIKRvht13QsVFIzTf3Y=
-67,8,a8mJFHulSYmDw5aXSwq0gSOjkw0=,EjxNAnq8iIKRvht13QsVFIzTf3Y=
-66,8,a8mJFHulSYmDw5aXSwq0gSOjkw0=,EjxNAnq8iIKRvht13QsVFIzTf3Y=
-65,5,a8mJFHulSYmDw5aXSwq0gSOjkw0=,EjxNAnq8iIKRvht13QsVFIzTf3Y=
-70,6,a8mJFHulSYmDw5aXSwq0gSOjkw0=,EjxNAnq8iIKRvht13QsVFIzTf3Y=
-69,6,a8mJFHulSYmDw5aXSwq0gSOjkw0=,EjxNAnq8iIKRvht13QsVFIzTf3Y=
-72,11,a8mJFHulSYmDw5aXSwq0gSOjkw0=,EjxNAnq8iIKRvht13QsVFIzTf3Y=
-72,12,a8mJFHulSYmDw5aXSwq0gSOjkw0=,EjxNAnq8iIKRvht13QsVFIzTf3Y=
-72,13,a8mJFHulSYmDw5aXSwq0gSOjkw0=,EjxNAnq8iIKRvht13QsVFIzTf3Y=
-73,11,a8mJFHulSYmDw5aXSwq0gSOjkw0=,EjxNAnq8iIKRvht13QsVFIzTf3Y=
-73,12,a8mJFHulSYmDw5aXSwq0gSOjkw0=,EjxNAnq8iIKRvht13QsVFIzTf3Y=
-73,7,a8mJFHulSYmDw5aXSwq0gSOjkw0=,Y93Ty6Z4jq05ErR8CXuZCQJPD3w=
-72,7,a8mJFHulSYmDw5aXSwq0gSOjkw0=,EjxNAnq8iIKRvht13QsVFIzTf3Y=
-75,7,5ZojcFmdnVEocwBi0j0+cVyOgTE=,Y93Ty6Z4jq05ErR8CXuZCQJPD3w=
-74,7,5ZojcFmdnVEocwBi0j0+cVyOgTE=,Y93Ty6Z4jq05ErR8CXuZCQJPD3w=
-75,6,5ZojcFmdnVEocwBi0j0+cVyOgTE=,Y93Ty6Z4jq05ErR8CXuZCQJPD3w=
-72,6,5ZojcFmdnVEocwBi0j0+cVyOgTE=,EjxNAnq8iIKRvht13QsVFIzTf3Y=
-75,5,5ZojcFmdnVEocwBi0j0+cVyOgTE=,Y93Ty6Z4jq05ErR8CXuZCQJPD3w=
-73,13,5ZojcFmdnVEocwBi0j0+cVyOgTE=,EjxNAnq8iIKRvht13QsVFIzTf3Y=
-76,7,5ZojcFmdnVEocwBi0j0+cVyOgTE=,Y93Ty6Z4jq05ErR8CXuZCQJPD3w=
-71,10,5ZojcFmdnVEocwBi0j0+cVyOgTE=,EjxNAnq8iIKRvht13QsVFIzTf3Y=
-73,6,5ZojcFmdnVEocwBi0j0+cVyOgTE=,Y93Ty6Z4jq05ErR8CXuZCQJPD3w=
-72,8,5ZojcFmdnVEocwBi0j0+cVyOgTE=,EjxNAnq8iIKRvht13QsVFIzTf3Y=
-71,9,5ZojcFmdnVEocwBi0j0+cVyOgTE=,EjxNAnq8iIKRvht13QsVFIzTf3Y=
-76,8,5ZojcFmdnVEocwBi0j0+cVyOgTE=,EjxNAnq8iIKRvht13QsVFIzTf3Y=
-74,6,5ZojcFmdnVEocwBi0j0+cVyOgTE=,Y93Ty6Z4jq05ErR8CXuZCQJPD3w=
-72,9,5ZojcFmdnVEocwBi0j0+cVyOgTE=,EjxNAnq8iIKRvht13QsVFIzTf3Y=
-72,10,5ZojcFmdnVEocwBi0j0+cVyOgTE=,EjxNAnq8iIKRvht13QsVFIzTf3Y=
-76,5,5ZojcFmdnVEocwBi0j0+cVyOgTE=,Y93Ty6Z4jq05ErR8CXuZCQJPD3w=
-78,8,5ZojcFmdnVEocwBi0j0+cVyOgTE=,EjxNAnq8iIKRvht13QsVFIzTf3Y=
-71,7,5ZojcFmdnVEocwBi0j0+cVyOgTE=,EjxNAnq8iIKRvht13QsVFIzTf3Y=
-75,8,5ZojcFmdnVEocwBi0j0+cVyOgTE=,EjxNAnq8iIKRvht13QsVFIzTf3Y=
-71,8,5ZojcFmdnVEocwBi0j0+cVyOgTE=,EjxNAnq8iIKRvht13QsVFIzTf3Y=
-76,6,5ZojcFmdnVEocwBi0j0+cVyOgTE=,Y93Ty6Z4jq05ErR8CXuZCQJPD3w=
-71,4,5ZojcFmdnVEocwBi0j0+cVyOgTE=,EjxNAnq8iIKRvht13QsVFIzTf3Y=
-74,8,5ZojcFmdnVEocwBi0j0+cVyOgTE=,EjxNAnq8iIKRvht13QsVFIzTf3Y=
-72,5,5ZojcFmdnVEocwBi0j0+cVyOgTE=,EjxNAnq8iIKRvht13QsVFIzTf3Y=
-69,15,5ZojcFmdnVEocwBi0j0+cVyOgTE=,EjxNAnq8iIKRvht13QsVFIzTf3Y=
-68,15,5ZojcFmdnVEocwBi0j0+cVyOgTE=,EjxNAnq8iIKRvht13QsVFIzTf3Y=
-67,15,5ZojcFmdnVEocwBi0j0+cVyOgTE=,EjxNAnq8iIKRvht13QsVFIzTf3Y=
-66,15,5ZojcFmdnVEocwBi0j0+cVyOgTE=,EjxNAnq8iIKRvht13QsVFIzTf3Y=
-73,8,5ZojcFmdnVEocwBi0j0+cVyOgTE=,EjxNAnq8iIKRvht13QsVFIzTf3Y=
-70,4,5ZojcFmdnVEocwBi0j0+cVyOgTE=,EjxNAnq8iIKRvht13QsVFIzTf3Y=
-72,4,5ZojcFmdnVEocwBi0j0+cVyOgTE=,EjxNAnq8iIKRvht13QsVFIzTf3Y=
-74,11,5ZojcFmdnVEocwBi0j0+cVyOgTE=,EjxNAnq8iIKRvht13QsVFIzTf3Y=
-65,9,5ZojcFmdnVEocwBi0j0+cVyOgTE=,EjxNAnq8iIKRvht13QsVFIzTf3Y=
-65,10,5ZojcFmdnVEocwBi0j0+cVyOgTE=,EjxNAnq8iIKRvht13QsVFIzTf3Y=
-65,11,5ZojcFmdnVEocwBi0j0+cVyOgTE=,EjxNAnq8iIKRvht13QsVFIzTf3Y=
-65,7,5ZojcFmdnVEocwBi0j0+cVyOgTE=,EjxNAnq8iIKRvht13QsVFIzTf3Y=
-65,12,5ZojcFmdnVEocwBi0j0+cVyOgTE=,EjxNAnq8iIKRvht13QsVFIzTf3Y=
-65,13,5ZojcFmdnVEocwBi0j0+cVyOgTE=,EjxNAnq8iIKRvht13QsVFIzTf3Y=
-65,14,5ZojcFmdnVEocwBi0j0+cVyOgTE=,EjxNAnq8iIKRvht13QsVFIzTf3Y=
-65,15,5ZojcFmdnVEocwBi0j0+cVyOgTE=,EjxNAnq8iIKRvht13QsVFIzTf3Y=
-65,4,5ZojcFmdnVEocwBi0j0+cVyOgTE=,EjxNAnq8iIKRvht13QsVFIzTf3Y=
-73,4,5ZojcFmdnVEocwBi0j0+cVyOgTE=,Y93Ty6Z4jq05ErR8CXuZCQJPD3w=
-66,4,5ZojcFmdnVEocwBi0j0+cVyOgTE=,EjxNAnq8iIKRvht13QsVFIzTf3Y=
-67,4,5ZojcFmdnVEocwBi0j0+cVyOgTE=,EjxNAnq8iIKRvht13QsVFIzTf3Y=
-75,11,5ZojcFmdnVEocwBi0j0+cVyOgTE=,EjxNAnq8iIKRvht13QsVFIzTf3Y=
-74,4,5ZojcFmdnVEocwBi0j0+cVyOgTE=,Y93Ty6Z4jq05ErR8CXuZCQJPD3w=
-68,4,5ZojcFmdnVEocwBi0j0+cVyOgTE=,EjxNAnq8iIKRvht13QsVFIzTf3Y=
-65,8,5ZojcFmdnVEocwBi0j0+cVyOgTE=,EjxNAnq8iIKRvht13QsVFIzTf3Y=
-75,4,5ZojcFmdnVEocwBi0j0+cVyOgTE=,Y93Ty6Z4jq05ErR8CXuZCQJPD3w=
-76,11,5ZojcFmdnVEocwBi0j0+cVyOgTE=,EjxNAnq8iIKRvht13QsVFIzTf3Y=
-73,10,5ZojcFmdnVEocwBi0j0+cVyOgTE=,EjxNAnq8iIKRvht13QsVFIzTf3Y=
-69,4,5ZojcFmdnVEocwBi0j0+cVyOgTE=,EjxNAnq8iIKRvht13QsVFIzTf3Y=
-77,8,5ZojcFmdnVEocwBi0j0+cVyOgTE=,EjxNAnq8iIKRvht13QsVFIzTf3Y=
-76,4,5ZojcFmdnVEocwBi0j0+cVyOgTE=,Y93Ty6Z4jq05ErR8CXuZCQJPD3w=
-74,10,5ZojcFmdnVEocwBi0j0+cVyOgTE=,EjxNAnq8iIKRvht13QsVFIzTf3Y=
-73,5,5ZojcFmdnVEocwBi0j0+cVyOgTE=,Y93Ty6Z4jq05ErR8CXuZCQJPD3w=
-76,9,5ZojcFmdnVEocwBi0j0+cVyOgTE=,EjxNAnq8iIKRvht13QsVFIzTf3Y=
-75,10,5ZojcFmdnVEocwBi0j0+cVyOgTE=,EjxNAnq8iIKRvht13QsVFIzTf3Y=
-74,5,5ZojcFmdnVEocwBi0j0+cVyOgTE=,Y93Ty6Z4jq05ErR8CXuZCQJPD3w=
-79,7,5ZojcFmdnVEocwBi0j0+cVyOgTE=,Y93Ty6Z4jq05ErR8CXuZCQJPD3w=
-71,6,5ZojcFmdnVEocwBi0j0+cVyOgTE=,EjxNAnq8iIKRvht13QsVFIzTf3Y=
-76,10,5ZojcFmdnVEocwBi0j0+cVyOgTE=,EjxNAnq8iIKRvht13QsVFIzTf3Y=
-78,7,5ZojcFmdnVEocwBi0j0+cVyOgTE=,Y93Ty6Z4jq05ErR8CXuZCQJPD3w=
-71,5,5ZojcFmdnVEocwBi0j0+cVyOgTE=,EjxNAnq8iIKRvht13QsVFIzTf3Y=
-73,9,5ZojcFmdnVEocwBi0j0+cVyOgTE=,EjxNAnq8iIKRvht13QsVFIzTf3Y=
-77,7,5ZojcFmdnVEocwBi0j0+cVyOgTE=,Y93Ty6Z4jq05ErR8CXuZCQJPD3w=
-74,9,5ZojcFmdnVEocwBi0j0+cVyOgTE=,EjxNAnq8iIKRvht13QsVFIzTf3Y=
-80,11,5ZojcFmdnVEocwBi0j0+cVyOgTE=,EjxNAnq8iIKRvht13QsVFIzTf3Y=
-75,9,5ZojcFmdnVEocwBi0j0+cVyOgTE=,EjxNAnq8iIKRvht13QsVFIzTf3Y=
-80,10,5ZojcFmdnVEocwBi0j0+cVyOgTE=,EjxNAnq8iIKRvht13QsVFIzTf3Y=
-80,9,5ZojcFmdnVEocwBi0j0+cVyOgTE=,EjxNAnq8iIKRvht13QsVFIzTf3Y=
-79,8,5ZojcFmdnVEocwBi0j0+cVyOgTE=,EjxNAnq8iIKRvht13QsVFIzTf3Y=
-73,0,5ZojcFmdnVEocwBi0j0+cVyOgTE=,Y93Ty6Z4jq05ErR8CXuZCQJPD3w=
-77,11,5ZojcFmdnVEocwBi0j0+cVyOgTE=,EjxNAnq8iIKRvht13QsVFIzTf3Y=
-74,0,5ZojcFmdnVEocwBi0j0+cVyOgTE=,Y93Ty6Z4jq05ErR8CXuZCQJPD3w=
-78,11,5ZojcFmdnVEocwBi0j0+cVyOgTE=,EjxNAnq8iIKRvht13QsVFIzTf3Y=
-72,0,5ZojcFmdnVEocwBi0j0+cVyOgTE=,EjxNAnq8iIKRvht13QsVFIzTf3Y=
-79,11,5ZojcFmdnVEocwBi0j0+cVyOgTE=,EjxNAnq8iIKRvht13QsVFIzTf3Y=
-75,0,5ZojcFmdnVEocwBi0j0+cVyOgTE=,Y93Ty6Z4jq05ErR8CXuZCQJPD3w=
-76,0,5ZojcFmdnVEocwBi0j0+cVyOgTE=,Y93Ty6Z4jq05ErR8CXuZCQJPD3w=
-77,10,5ZojcFmdnVEocwBi0j0+cVyOgTE=,EjxNAnq8iIKRvht13QsVFIzTf3Y=
-73,2,5ZojcFmdnVEocwBi0j0+cVyOgTE=,Y93Ty6Z4jq05ErR8CXuZCQJPD3w=
-78,10,5ZojcFmdnVEocwBi0j0+cVyOgTE=,EjxNAnq8iIKRvht13QsVFIzTf3Y=
-75,2,5ZojcFmdnVEocwBi0j0+cVyOgTE=,Y93Ty6Z4jq05ErR8CXuZCQJPD3w=
-79,10,5ZojcFmdnVEocwBi0j0+cVyOgTE=,EjxNAnq8iIKRvht13QsVFIzTf3Y=
-74,2,5ZojcFmdnVEocwBi0j0+cVyOgTE=,Y93Ty6Z4jq05ErR8CXuZCQJPD3w=
-80,7,5ZojcFmdnVEocwBi0j0+cVyOgTE=,Y93Ty6Z4jq05ErR8CXuZCQJPD3w=
-77,9,5ZojcFmdnVEocwBi0j0+cVyOgTE=,EjxNAnq8iIKRvht13QsVFIzTf3Y=
-75,1,5ZojcFmdnVEocwBi0j0+cVyOgTE=,Y93Ty6Z4jq05ErR8CXuZCQJPD3w=
-76,1,5ZojcFmdnVEocwBi0j0+cVyOgTE=,Y93Ty6Z4jq05ErR8CXuZCQJPD3w=
-79,15,5ZojcFmdnVEocwBi0j0+cVyOgTE=,EjxNAnq8iIKRvht13QsVFIzTf3Y=
-80,5,5ZojcFmdnVEocwBi0j0+cVyOgTE=,Y93Ty6Z4jq05ErR8CXuZCQJPD3w=
-80,15,5ZojcFmdnVEocwBi0j0+cVyOgTE=,EjxNAnq8iIKRvht13QsVFIzTf3Y=
-76,2,5ZojcFmdnVEocwBi0j0+cVyOgTE=,Y93Ty6Z4jq05ErR8CXuZCQJPD3w=
-71,1,5ZojcFmdnVEocwBi0j0+cVyOgTE=,EjxNAnq8iIKRvht13QsVFIzTf3Y=
-70,1,5ZojcFmdnVEocwBi0j0+cVyOgTE=,EjxNAnq8iIKRvht13QsVFIzTf3Y=
-80,8,5ZojcFmdnVEocwBi0j0+cVyOgTE=,EjxNAnq8iIKRvht13QsVFIzTf3Y=
-72,15,5ZojcFmdnVEocwBi0j0+cVyOgTE=,EjxNAnq8iIKRvht13QsVFIzTf3Y=
-72,3,5ZojcFmdnVEocwBi0j0+cVyOgTE=,EjxNAnq8iIKRvht13QsVFIzTf3Y=
-70,15,5ZojcFmdnVEocwBi0j0+cVyOgTE=,EjxNAnq8iIKRvht13QsVFIzTf3Y=
-69,1,5ZojcFmdnVEocwBi0j0+cVyOgTE=,EjxNAnq8iIKRvht13QsVFIzTf3Y=
-72,2,5ZojcFmdnVEocwBi0j0+cVyOgTE=,EjxNAnq8iIKRvht13QsVFIzTf3Y=
-80,4,5ZojcFmdnVEocwBi0j0+cVyOgTE=,Y93Ty6Z4jq05ErR8CXuZCQJPD3w=
-73,3,5ZojcFmdnVEocwBi0j0+cVyOgTE=,Y93Ty6Z4jq05ErR8CXuZCQJPD3w=
-73,15,5ZojcFmdnVEocwBi0j0+cVyOgTE=,EjxNAnq8iIKRvht13QsVFIzTf3Y=
-72,1,PHcZGGgLwmmlPwP2ZFj8sfAXbcU=,EjxNAnq8iIKRvht13QsVFIzTf3Y=
-78,9,PHcZGGgLwmmlPwP2ZFj8sfAXbcU=,EjxNAnq8iIKRvht13QsVFIzTf3Y=
-71,2,PHcZGGgLwmmlPwP2ZFj8sfAXbcU=,EjxNAnq8iIKRvht13QsVFIzTf3Y=
-80,6,PHcZGGgLwmmlPwP2ZFj8sfAXbcU=,Y93Ty6Z4jq05ErR8CXuZCQJPD3w=
-79,6,PHcZGGgLwmmlPwP2ZFj8sfAXbcU=,Y93Ty6Z4jq05ErR8CXuZCQJPD3w=
-74,3,PHcZGGgLwmmlPwP2ZFj8sfAXbcU=,Y93Ty6Z4jq05ErR8CXuZCQJPD3w=
-80,1,PHcZGGgLwmmlPwP2ZFj8sfAXbcU=,Y93Ty6Z4jq05ErR8CXuZCQJPD3w=
-75,3,PHcZGGgLwmmlPwP2ZFj8sfAXbcU=,Y93Ty6Z4jq05ErR8CXuZCQJPD3w=
-71,15,PHcZGGgLwmmlPwP2ZFj8sfAXbcU=,EjxNAnq8iIKRvht13QsVFIzTf3Y=
-79,9,PHcZGGgLwmmlPwP2ZFj8sfAXbcU=,EjxNAnq8iIKRvht13QsVFIzTf3Y=
-78,6,PHcZGGgLwmmlPwP2ZFj8sfAXbcU=,Y93Ty6Z4jq05ErR8CXuZCQJPD3w=
-77,6,PHcZGGgLwmmlPwP2ZFj8sfAXbcU=,Y93Ty6Z4jq05ErR8CXuZCQJPD3w=
-74,15,PHcZGGgLwmmlPwP2ZFj8sfAXbcU=,EjxNAnq8iIKRvht13QsVFIzTf3Y=
-80,3,PHcZGGgLwmmlPwP2ZFj8sfAXbcU=,Y93Ty6Z4jq05ErR8CXuZCQJPD3w=
-65,0,PHcZGGgLwmmlPwP2ZFj8sfAXbcU=,EjxNAnq8iIKRvht13QsVFIzTf3Y=
-76,3,PHcZGGgLwmmlPwP2ZFj8sfAXbcU=,Y93Ty6Z4jq05ErR8CXuZCQJPD3w=
-79,13,PHcZGGgLwmmlPwP2ZFj8sfAXbcU=,EjxNAnq8iIKRvht13QsVFIzTf3Y=
-79,4,PHcZGGgLwmmlPwP2ZFj8sfAXbcU=,Y93Ty6Z4jq05ErR8CXuZCQJPD3w=
-79,0,PHcZGGgLwmmlPwP2ZFj8sfAXbcU=,Y93Ty6Z4jq05ErR8CXuZCQJPD3w=
-80,0,PHcZGGgLwmmlPwP2ZFj8sfAXbcU=,Y93Ty6Z4jq05ErR8CXuZCQJPD3w=
-77,5,PHcZGGgLwmmlPwP2ZFj8sfAXbcU=,Y93Ty6Z4jq05ErR8CXuZCQJPD3w=
-73,1,PHcZGGgLwmmlPwP2ZFj8sfAXbcU=,Y93Ty6Z4jq05ErR8CXuZCQJPD3w=
-78,4,PHcZGGgLwmmlPwP2ZFj8sfAXbcU=,Y93Ty6Z4jq05ErR8CXuZCQJPD3w=
-78,13,PHcZGGgLwmmlPwP2ZFj8sfAXbcU=,EjxNAnq8iIKRvht13QsVFIzTf3Y=
-70,2,PHcZGGgLwmmlPwP2ZFj8sfAXbcU=,EjxNAnq8iIKRvht13QsVFIzTf3Y=
-78,3,PHcZGGgLwmmlPwP2ZFj8sfAXbcU=,Y93Ty6Z4jq05ErR8CXuZCQJPD3w=
-77,0,PHcZGGgLwmmlPwP2ZFj8sfAXbcU=,Y93Ty6Z4jq05ErR8CXuZCQJPD3w=
-75,15,PHcZGGgLwmmlPwP2ZFj8sfAXbcU=,EjxNAnq8iIKRvht13QsVFIzTf3Y=
-68,1,PHcZGGgLwmmlPwP2ZFj8sfAXbcU=,EjxNAnq8iIKRvht13QsVFIzTf3Y=
-77,4,PHcZGGgLwmmlPwP2ZFj8sfAXbcU=,Y93Ty6Z4jq05ErR8CXuZCQJPD3w=
-74,1,PHcZGGgLwmmlPwP2ZFj8sfAXbcU=,Y93Ty6Z4jq05ErR8CXuZCQJPD3w=
-77,13,PHcZGGgLwmmlPwP2ZFj8sfAXbcU=,EjxNAnq8iIKRvht13QsVFIzTf3Y=
-79,5,PHcZGGgLwmmlPwP2ZFj8sfAXbcU=,Y93Ty6Z4jq05ErR8CXuZCQJPD3w=
-78,0,PHcZGGgLwmmlPwP2ZFj8sfAXbcU=,Y93Ty6Z4jq05ErR8CXuZCQJPD3w=
-69,2,PHcZGGgLwmmlPwP2ZFj8sfAXbcU=,EjxNAnq8iIKRvht13QsVFIzTf3Y=
-78,5,PHcZGGgLwmmlPwP2ZFj8sfAXbcU=,Y93Ty6Z4jq05ErR8CXuZCQJPD3w=
-69,0,PHcZGGgLwmmlPwP2ZFj8sfAXbcU=,EjxNAnq8iIKRvht13QsVFIzTf3Y=
-77,3,PHcZGGgLwmmlPwP2ZFj8sfAXbcU=,Y93Ty6Z4jq05ErR8CXuZCQJPD3w=
-70,3,PHcZGGgLwmmlPwP2ZFj8sfAXbcU=,EjxNAnq8iIKRvht13QsVFIzTf3Y=
-76,13,PHcZGGgLwmmlPwP2ZFj8sfAXbcU=,EjxNAnq8iIKRvht13QsVFIzTf3Y=
-80,2,PHcZGGgLwmmlPwP2ZFj8sfAXbcU=,Y93Ty6Z4jq05ErR8CXuZCQJPD3w=
-70,0,PHcZGGgLwmmlPwP2ZFj8sfAXbcU=,EjxNAnq8iIKRvht13QsVFIzTf3Y=
-69,3,PHcZGGgLwmmlPwP2ZFj8sfAXbcU=,EjxNAnq8iIKRvht13QsVFIzTf3Y=
-67,1,PHcZGGgLwmmlPwP2ZFj8sfAXbcU=,EjxNAnq8iIKRvht13QsVFIzTf3Y=
-79,3,PHcZGGgLwmmlPwP2ZFj8sfAXbcU=,Y93Ty6Z4jq05ErR8CXuZCQJPD3w=
-66,1,PHcZGGgLwmmlPwP2ZFj8sfAXbcU=,EjxNAnq8iIKRvht13QsVFIzTf3Y=
-75,13,PHcZGGgLwmmlPwP2ZFj8sfAXbcU=,EjxNAnq8iIKRvht13QsVFIzTf3Y=
-65,1,PHcZGGgLwmmlPwP2ZFj8sfAXbcU=,EjxNAnq8iIKRvht13QsVFIzTf3Y=
-79,2,PHcZGGgLwmmlPwP2ZFj8sfAXbcU=,Y93Ty6Z4jq05ErR8CXuZCQJPD3w=
-66,0,PHcZGGgLwmmlPwP2ZFj8sfAXbcU=,EjxNAnq8iIKRvht13QsVFIzTf3Y=
-67,0,PHcZGGgLwmmlPwP2ZFj8sfAXbcU=,EjxNAnq8iIKRvht13QsVFIzTf3Y=
-68,2,PHcZGGgLwmmlPwP2ZFj8sfAXbcU=,EjxNAnq8iIKRvht13QsVFIzTf3Y=
-77,1,PHcZGGgLwmmlPwP2ZFj8sfAXbcU=,Y93Ty6Z4jq05ErR8CXuZCQJPD3w=
-76,15,PHcZGGgLwmmlPwP2ZFj8sfAXbcU=,EjxNAnq8iIKRvht13QsVFIzTf3Y=
-71,3,PHcZGGgLwmmlPwP2ZFj8sfAXbcU=,EjxNAnq8iIKRvht13QsVFIzTf3Y=
-74,13,PHcZGGgLwmmlPwP2ZFj8sfAXbcU=,EjxNAnq8iIKRvht13QsVFIzTf3Y=
-77,15,PHcZGGgLwmmlPwP2ZFj8sfAXbcU=,EjxNAnq8iIKRvht13QsVFIzTf3Y=
-67,2,PHcZGGgLwmmlPwP2ZFj8sfAXbcU=,EjxNAnq8iIKRvht13QsVFIzTf3Y=
-78,2,PHcZGGgLwmmlPwP2ZFj8sfAXbcU=,Y93Ty6Z4jq05ErR8CXuZCQJPD3w=
-71,0,PHcZGGgLwmmlPwP2ZFj8sfAXbcU=,EjxNAnq8iIKRvht13QsVFIzTf3Y=
-78,1,PHcZGGgLwmmlPwP2ZFj8sfAXbcU=,Y93Ty6Z4jq05ErR8CXuZCQJPD3w=
-66,2,PHcZGGgLwmmlPwP2ZFj8sfAXbcU=,EjxNAnq8iIKRvht13QsVFIzTf3Y=
-65,2,PHcZGGgLwmmlPwP2ZFj8sfAXbcU=,EjxNAnq8iIKRvht13QsVFIzTf3Y=
-68,3,PHcZGGgLwmmlPwP2ZFj8sfAXbcU=,EjxNAnq8iIKRvht13QsVFIzTf3Y=
-67,3,PHcZGGgLwmmlPwP2ZFj8sfAXbcU=,EjxNAnq8iIKRvht13QsVFIzTf3Y=
-77,2,PHcZGGgLwmmlPwP2ZFj8sfAXbcU=,Y93Ty6Z4jq05ErR8CXuZCQJPD3w=
-66,3,PHcZGGgLwmmlPwP2ZFj8sfAXbcU=,EjxNAnq8iIKRvht13QsVFIzTf3Y=
-70,14,PHcZGGgLwmmlPwP2ZFj8sfAXbcU=,EjxNAnq8iIKRvht13QsVFIzTf3Y=
-79,1,PHcZGGgLwmmlPwP2ZFj8sfAXbcU=,Y93Ty6Z4jq05ErR8CXuZCQJPD3w=
-65,3,PHcZGGgLwmmlPwP2ZFj8sfAXbcU=,EjxNAnq8iIKRvht13QsVFIzTf3Y=
-68,0,PHcZGGgLwmmlPwP2ZFj8sfAXbcU=,EjxNAnq8iIKRvht13QsVFIzTf3Y=
-78,15,PHcZGGgLwmmlPwP2ZFj8sfAXbcU=,EjxNAnq8iIKRvht13QsVFIzTf3Y=
-71,14,PHcZGGgLwmmlPwP2ZFj8sfAXbcU=,EjxNAnq8iIKRvht13QsVFIzTf3Y=
-72,14,PHcZGGgLwmmlPwP2ZFj8sfAXbcU=,EjxNAnq8iIKRvht13QsVFIzTf3Y=
-79,12,PHcZGGgLwmmlPwP2ZFj8sfAXbcU=,EjxNAnq8iIKRvht13QsVFIzTf3Y=
-78,12,PHcZGGgLwmmlPwP2ZFj8sfAXbcU=,EjxNAnq8iIKRvht13QsVFIzTf3Y=
-77,12,PHcZGGgLwmmlPwP2ZFj8sfAXbcU=,EjxNAnq8iIKRvht13QsVFIzTf3Y=
-75,12,PHcZGGgLwmmlPwP2ZFj8sfAXbcU=,EjxNAnq8iIKRvht13QsVFIzTf3Y=
-74,12,PHcZGGgLwmmlPwP2ZFj8sfAXbcU=,EjxNAnq8iIKRvht13QsVFIzTf3Y=
-80,12,PHcZGGgLwmmlPwP2ZFj8sfAXbcU=,EjxNAnq8iIKRvht13QsVFIzTf3Y=
-76,12,PHcZGGgLwmmlPwP2ZFj8sfAXbcU=,EjxNAnq8iIKRvht13QsVFIzTf3Y=
-80,13,PHcZGGgLwmmlPwP2ZFj8sfAXbcU=,EjxNAnq8iIKRvht13QsVFIzTf3Y=
-80,14,PHcZGGgLwmmlPwP2ZFj8sfAXbcU=,EjxNAnq8iIKRvht13QsVFIzTf3Y=
-73,14,PHcZGGgLwmmlPwP2ZFj8sfAXbcU=,EjxNAnq8iIKRvht13QsVFIzTf3Y=
-74,14,PHcZGGgLwmmlPwP2ZFj8sfAXbcU=,EjxNAnq8iIKRvht13QsVFIzTf3Y=
-75,14,PHcZGGgLwmmlPwP2ZFj8sfAXbcU=,EjxNAnq8iIKRvht13QsVFIzTf3Y=
-76,14,PHcZGGgLwmmlPwP2ZFj8sfAXbcU=,EjxNAnq8iIKRvht13QsVFIzTf3Y=
-79,14,PHcZGGgLwmmlPwP2ZFj8sfAXbcU=,EjxNAnq8iIKRvht13QsVFIzTf3Y=
-77,14,PHcZGGgLwmmlPwP2ZFj8sfAXbcU=,EjxNAnq8iIKRvht13QsVFIzTf3Y=
-78,14,PHcZGGgLwmmlPwP2ZFj8sfAXbcU=,EjxNAnq8iIKRvht13QsVFIzTf3Y=
